,name,text
0,Лето в стиле Samba,Это лето в стиле самба Мы танцуем в ритме мамбо Сделай всё как ты хотела Двигай-двигай своим телом Это лето в стиле самба Мы танцуем в ритме мамбо Ты уже давно вспотела Двигай-двигай своим телом Это лето в стиле самба Мы танцуем в ритме мамбо Сделай всё как ты хотела Двигай-двигай своим телом Это лето в стиле самба Мы танцуем в ритме мамбо Ты уже давно вспотела Двигай-двигай своим телом Это лето в стиле самба Мы танцуем в ритме мамбо Сделай всё как ты хотела Двигай-двигай своим телом Это лето в стиле самба Мы танцуем в ритме мамбо Ты уже давно вспотела Двигай-двигай своим телом Это лето в стиле самба Мы танцуем в ритме мамбо Сделай всё как ты хотела Двигай-двигай своим телом Это лето в стиле самба Мы танцуем в ритме мамбо Ты уже давно вспотела Двигай-двигай своим телом Это лето в стиле самба Мы танцуем в ритме мамбо Ты уже давно вспотела Двигай-двигай своим телом Это лето в стиле самба Мы танцуем в ритме мамбо Сделай всё как ты хотела Двигай-двигай своим телом Это лето в стиле самба Мы танцуем в ритме мамбо Сделай всё как ты хотела Двигай-двигай своим телом Это лето в стиле самба Мы танцуем в ритме мамбо Ты уже давно вспотела Двигай-двигай своим телом
1,Расстались,"Зачем же мы расстались, мы расстались И возвратить любовь не пытались? И все же мы расстались, мы расстались, мы расстались. С тобою мы расстались, мы расстались И так тепло с тобой попрощались. Одни с тобой остались, мы остались, мы остались. Мы вчера с тобой встретились случайно, Целый год прошел после расставанья. Замечаю я - ты так изменилась, В жизни у тебя что-то не сложилось. И глаза в глаза смотрим мы печально, Вспоминаем мы первые свиданья. Унесло любовь облаками белыми, Что же мы наделали?! Зачем же мы расстались, мы расстались И возвратить любовь не пытались? И все же мы расстались, мы расстались, мы расстались. С тобою мы расстались, мы расстались И так тепло с тобой попрощались. Одни с тобой остались, мы остались, мы остались. Опустели улицы, не горят огни, На проспекте Ленина мы стоим одни. Не хочу тебя я оставлять одну, Почему ты плачешь?, плакать ни к чему. Со щеки ладошкой вытираешь слезы, Говоришь: Сережа, это не серьезно. Унесло любовь облаками белыми. Что же мы наделали?! Зачем же мы расстались, мы расстались И возвратить любовь не пытались? И все же мы расстались, мы расстались, мы расстались. С тобою мы расстались, мы расстались И так тепло с тобой попрощались."
2,Девочки колхозницы,"А девочки танцуют, у девчонок выходной Платье новое надели, взяли мальчиков с собой Будут снова веселиться, будут снова танцевать До свиданья мама с папой, мы идём любовь искать А в колхозе вечером делать было нечего Собрались мы вечером за одним столом Парни все отличные, пацаны приличные Вот сидим-скучаем, мы девчонок ждём А девочки-красавицы в город собираются Танцы в нашем сельском клубе – это не для них Ах, какие модницы девочки-колхозницы Чем же наши дискотэки хуже городских ? Девочки танцуют, у девчонок выходной Платье новое надели, взяли мальчиков с собой Будут снова веселиться, будут снова танцевать До свиданья мама с папой, мы идём любовь искать А в колхозе вечером делать было нечего В город за девчонками соберемся мы Девочки-красавицы в городских влюбляются Чем же вам не нравятся наши пацаны Скоро, очень скоро мы приедем в город Заберем своих девчонок на глазах у всех Собирайтесь, модницы, девочки-колхозницы Даже в нашем сельском клубе крутят “Руки Вверх” Девочки танцуют, у девчонок выходной Платье новое надели, взяли мальчиков с собой Будут снова веселиться, будут снова танцевать До свиданья мама с папой… Девочки танцуют, у девчонок выходной Платье новое надели, взяли мальчиков с собой Будут снова веселиться, будут снова танцевать До свиданья мама с папой, мы идём любовь искать Девочки танцуют Платье новое надели Будут снова веселиться До свиданья мама с папой, мы идём любовь искать Девочки танцуют, у девчонок выходной Платье новое надели, взяли мальчиков с собой Будут снова веселиться, будут снова танцевать До свиданья мама с папой, мы идём любовь искать"
3,Институтка,Тебя я заметил за стойкой буфета К тебе подошел я пардон как дела А ты попросила одну сигарету Сказала свободно налейте вина Ведь ты ж институтка и фея из бара И красная р-р-роза летучая мышь Вино и мужчины твоя атмосфэра И каждую ночь тебе снится Париж А в оркестре играла гитара и скрипка С тобой танцевали а-танго до утра Вы мне прошептали достаточно виски Я за целую ночь опьянеть не смогла Ведь я институтка я фея из бара Я красная роза летучая мышь Вино и мужчины моя атмосфэра И каждую ночь мне снится Париж Ведь ты ж институтка и фея из бара Ты красная роза летучая мышь Вино и мужчины твоя атмосфэра И каждую ночь тебе снится Париж Тебе снится Париж
4,Больно,"Прошепчу ласково - Дай судьбу твою сделать сказкою! Расцвести белой розою, Быть с тобою дождями и грозами. Улететь в край неземной. Счастье разделить на двоих с тобой. Как же так получается? Почему в тебя все влюбляются? Не больно, не больно, не больно падать вниз! Я умоляю, я кричу - Ко мне вернись! На волю, на волю, на волю, на волю стаи птиц! Но больно, но больно! Без крыльев так больно мне падать вниз... Прошепчу ласково - С кем, как не со мной, будешь счастлива? С кем еще поделишься бедами? Встретишь с кем закаты с рассветами? Я прошу, ты пойми! Без тебя не жить... Без твоей любви... Как же так получается? Ну почему в тебя все влюбляются? Не больно, не больно, не больно падать вниз! Я умоляю, я кричу - Ко мне вернись! На волю, на волю, на волю, на волю стаи птиц! Но больно, но больно! Без крыльев так больно мне падать вниз..."
5,"Прошу, не молчи","Прошу, не молчи, скажи мне опять, Что будешь меня из армии ждать. Пусть письма летят, в них строчки любви для тебя Каждый раз... Прошу, не молчи, скажи мне опять, Что будешь меня из армии ждать. Пусть письма летят, в них строчки любви для тебя. Сложно тебя забыть, Чувства мои не скрыть. Губы кусаю в кровь. Может быть это любовь. Целых два года ждать И без тебя засыпать. На расстояньи любить Ведь так сложно... Фото твоё храню, Верю, надеюсь, люблю. Губы кусаю в кровь. Я сохраню любовь. Помнит тебя солдат И возвратится назад. Мне без тебя одной Жить так сложно... Прошу, не молчи, скажи мне опять, Что будешь меня из армии ждать. Пусть письма летят, в них строчки любви для тебя Каждый раз... И снова Прошу, не молчи, скажи мне опять, Что будешь меня из армии ждать. Пусть письма летят, в них строчки любви для тебя. Снится, что мы вдвоём. Но по тревоге подъем, Утренний марш-бросок. Горы, жара, песок. Целых два года ждать И без тебя засыпать. На расстояньи любить Ведь так сложно... Письма к тебе летят. В горы идёт отряд. Снова идём на риск. Только меня дождись. Помнит тебя солдат И возвратится назад. Мне без тебя одной Жить так сложно... Прошу, не молчи, скажи мне опять, Что будешь меня из армии ждать. Пусть письма летят, в них строчки любви для тебя Каждый раз... Прошу, не молчи, скажи мне опять, Что будешь меня из армии ждать. Пусть письма летят, в них строчки любви для тебя Каждый раз..."
6,Отель,"В тёмной комнате отеля тихо, как всегда, Не уснёшь в чужой постели — будешь ждать меня До утра, до утра... В тёмной комнате отеля только ты и я, Принесите два коктейля в номер двадцать два, Как всегда, двадцать два... Зимней сказкой, Просто здравствуй, малыш, Что молчишь? Только с рейса, Сядь, погрейся, малыш, Ведь с утра ты опять улетишь, улетишь... В тёмной комнате отеля тихо, как всегда, Не уснёшь в чужой постели — будешь ждать меня До утра, до утра... В тёмной комнате отеля только ты и я, Принесите два коктейля в номер двадцать два, Как всегда, двадцать два... Стихли звуки, Греешь руки, У огня ты и я, Как же грустно —  Пропасть в чувствах, малыш, Но ко мне ты опять прилетишь, прилетишь В тёмной комнате отеля тихо, как всегда, Не уснёшь в чужой постели — будешь ждать меня До утра, до утра... В тёмной комнате отеля только ты и я, Принесите два коктейля в номер двадцать два, Как всегда, двадцать два..."
7,Эни-бени,"Мы с тобой в одной квартире, Лягте на пол три-четыре Начинаем медленно движенье. Громче музыку включаем И все вместе начинаем Это непростое упражненье Эни-Бени, люки-паки, Тюль-буль-буль, каляки-шмаки Эус-деус, кислотеус, эй-ё. Эни-Бени, люки-паки, Тюль-буль-буль, каляки-шмаки Эус-деус, кислотеус, эй-ё. Мы с тобой в одной квартире, Сядьте на пол три-четыре Отожмемся 10 раз от пола Холодильник закрываем Лишний вес не набираем Ты же должен стать звездой танцпола Эни-Бени, люки-паки, Тюль-буль-буль, каляки-шмаки Эус-деус, кислотеус, эй-ё. Эни-Бени, люки-паки, Тюль-буль-буль, каляки-шмаки Эус-деус, кислотеус, эй-ё. Мы с тобой в одной квартире, Все сбежались три-четыре Тяжела судьба звезды танцпола В общем, говоря по-русски, Кто не выдержал нагрузки Запишитесь в секцию футбола Эни-Бени, люки-паки, Тюль-буль-буль, каляки-шмаки Эус-деус, кислотеус, эй-ё. Эни-Бени, люки-паки, Тюль-буль-буль, каляки-шмаки Эус-деус, кислотеус, эй-ё."
8,Fuckin Rock n Roll,"Куртки кожаны, джинсы рваные, Парни крепкие, парни бравые Пиво в баночках, жуть компания Все фанаты на группы «Ария» Вот подходит к нам парень с рацией Предъявите на регистрацию Мы же рокеры, мы из Питера Вы не злите нас, на идите на Куртки кожаны, майки рваные, Кто то трезвый на, кто-то пьяный на На концерте мы отрываемся Ближе к сцене мы прорываемся Припираются к нам секьюрити Что вы в зрительном зале курите Мы же рокеры, мы же стали на Все, идите на, все достали на Куртки кожаны, джинсы рваные, Где Катюха ты пропадала на Я на лавочке с местным байкером Обменялася рваной майкою Познакомилась, кстати, с мальчиком Вон на сцене он – барабанщик на Я мозги ему долго парила Мы же рокеры, мы с Урала на Куртки новые, джинсы клеевые Что не песня на - то хитовая Что, народ-то там собирается? Потихонечку напивается. Передайте там осветителю, Что мы русские АCDC на Все, последний раз наливаем. Все на сцену на, все лабаем на."
9,Наташа,"Наташа, Наташа Ты моё сердце и душа Наташа, Наташа Как в небе солнце мне нужна Наташа, Наташа Ну до чего ж ты хороша Наташа, Наташа... Наташа, Наташа Ты моё сердце и душа Наташа, Наташа Как в небе солнце мне нужна Наташа, Наташа Ну до чего ж ты хороша Наташа, Наташа... Ты не едешь, ты не едешь В наш красивый край Я скучаю, я скучаю Поскорее приезжай Я накрою, я накрою Свой богатый стол И я счастлив, и я счастлив Что тебя нашёл Наташа, Наташа Ты моё сердце и душа Наташа, Наташа Как в небе солнце мне нужна Наташа, Наташа Ну до чего ж ты хороша Наташа, Наташа... Где-то далеко-далёко Там, где холода Ждёт меня моя Наташа Ждёт меня моя звезда Я люблю тебя, Наташа Ты так часто снишься мне Я скучаю, я скучаю Приезжай скорей ко мне Наташа, Наташа Ты моё сердце и душа Наташа, Наташа Как в небе солнце мне нужна Наташа, Наташа Ну до чего ж ты хороша Наташа, Наташа... Наташа, Наташа Ты моё сердце и душа Наташа, Наташа Как в небе солнце мне нужна Наташа, Наташа Ну до чего ж ты хороша Наташа, Наташа..."
10,Мне с тобою хорошо,"На меня ты не сердись на-на-на... Уходить не торопись на-на-на... На секунду задержись на-на-на... Мне с тобою зае**сь на-на-на... Не говори нет, не говори да Я потерять тебя боюсь навсегда Ты так нужна, девчонка, мне С татуировкою на нежном плече Знакомы мы только пять минут А ты молчишь - скрываешь как тебя зовут Всю жизнь искал - и вот нашел Девчонку ту, с которой мне хорошо На меня ты не сердись на-на-на... Уходить не торопись на-на-на... На секунду задержись на-на-на... Мне с тобою зае**сь на-на-на... На-на-на... Не говори нет, не говори да Влюбился как мальчишка я в твои глаза Читаю в них такой простой ответ Со мной общаться у тебя желанья нет Я не хочу тебя терять Любовь мою смогу тебе я доказать И ни на шаг не отойду Я целых пять минут тебя уже люблю На меня ты не сердись на-на-на... Уходить не торопись на-на-на... На секунду задержись на-на-на... Мне с тобою зае**сь на-на-на..."
11,Не забуду,"Разве можно разлюбить Сердцу правды не открыть Наши дни и вечера Было всё ещё вчера Припев: Не забуду, не забуду этот тихий тёплый май Нашу первую минуту и последнее прощай Не забуду, не забуду всё как призрак, всё как бред Листья в матовых аллеях, шелестит ещё рассвет, рассвет Всё, что было не вернуть И в глаза не заглянуть Рухнул замок из песка Но простит нам всё весна Припев: Не забуду, не забуду этот тихий тёплый май Нашу первую минуту и последнее прощай Не забуду, не забуду всё как призрак, всё как бред Листья в матовых аллеях, шелестит ещё рассвет Не забуду, не забуду этот тихий тёплый май Нашу первую минуту и последнее прощай Не забуду, не забуду всё как призрак, всё как бред Листья в матовых аллеях, шелестит ещё рассвет, рассвет"
12,Песенка № 6,"Катя ела булку, Вася пил вино А потом все вместе мы пошли в кино Там Катя ела булку, Вася пил коньяк Фильм мы посмотрели и пошли в кабак Там Катя ела булку, Вася пил Бурбон И в КПЗ сегодня забрал нас всех ОМОН Там Катю били булкой, а Васю просто так Спасибо вам большое товарищ лейтенант Саша жарил кашу, Миша помогал Игорек Наташе паровозик дал Коля трогал Олю, Рома слушал рок А Андрюха рыжий больше пить не мог А где же наша Катя спрашивают все Доедает булку сидя на крыльце Катя ела булку, булка ела Катю Вас грузить ребята мне, пожалуй, хватит"
13,Убегай,"Я тебя везде найду Так и знай так и знай От меня ты убегай убегай убегай Я тебя везде найду Так и знай так и знай От меня ты убегай убегай убегай От меня. Я тебя везде найду Так и знай так и знай От меня ты убегай убегай убегай Я тебя везде найду Так и знай так и знай От меня ты убегай убегай убегай От меня. Помнишь теплый дождь Нежные признанья твои И бросало в дрожь От твоей безумной любви. Жаль, что это все Лишь игра была для тебя Сняв с руки кольцо Убежала ты от меня. Я тебя везде найду Так и знай так и знай От меня ты убегай убегай убегай Я тебя везде найду Так и знай так и знай От меня ты убегай убегай убегай От меня. Ты не поняла Что нельзя любовь в миг убить Разве не могла По - другому ты поступить. Чтоже мне сказать Объявлю тебе я войну Можешь убегать Все равно тебя догоню. Я тебя везде найду Так и знай так и знай От меня ты убегай убегай убегай Я тебя везде найду Так и знай так и знай От меня ты убегай убегай убегай"
14,Набираю номер,"А я набираю номер Хочу встретиться с тобою Но ты говоришь, что занята А я слушать не желаю А я, я так не играю Малыш просто пожалей меня Что же ты опять проходишь мимо Мне твоя любовь необходима Мне так хорошо с тобою рядом, так и знай Говоришь опять одно и тоже Но в своих словах ты осторожна И сказать люблю, ты мне не можешь, очень жаль А я набираю номер Хочу встретиться с тобою Но ты говоришь, что занята А я слушать не желаю А я, я так не играю Малыш просто пожалей меня Что же ты опять проходишь мимо Ты как мотылек неуловима На огонь летишь, а я сгораю от любви Номер твой опять я набираю Я тебя прошу я умоляю Дай мне свой ответ да или нет, но не молчи А я набираю номер Хочу встретиться с тобою Но ты говоришь, что занята 3 раза А я слушать не желаю А я, я так не играю Малыш просто пожалей меня"
15,Я буду ждать,"Опять светят звёзды мне по пути. Опять в этот вечер, сидишь ты взаперти. Опять я тоскую только по тебе. Ты яркая звезда в моей судьбе. Ночные магистрали манили нас с тобой. И в даль нас зазывали, что не было игрой. И с грустью мы бродили, по тёмным мостовым, Прохожим улыбались и улочкам ночным. Припев: Я буду ждать тебя всю ночь, Пускай печаль уходит прочь. А ты в окошко посмотри И шёпотом проговори: Я буду ждать тебя всю ночь, Пускай печаль уходит прочь. А ты в окошко посмотри И шёпотом проговори Я буду ждать... С тобою я прощался, ночью при луне. С тобою целовался и счастлив был вполне. Но годы пролетели как будто поезда, Осталась в небе яркая звезда. Я буду ждать тебя всю ночь, Пускай печаль уходит прочь. А ты в окошко посмотри И шёпотом проговори: Я буду ждать тебя всю ночь, Пускай печаль уходит прочь. А ты в окошко посмотри И шёпотом проговори: Я буду ждать тебя всю ночь, Пускай печаль уходит прочь. А ты в окошко посмотри И шёпотом проговори: Я буду ждать тебя всю ночь, Пускай печаль уходит прочь. А ты в окошко посмотри И шёпотом проговори:"
16,Сахалин,"Все его любили, а потом забыли, На земле остался он один, И идет по склонам, По траве зеленой Человек, влюбленный в Сахалин. И идет по склонам, По траве зеленой Человек, влюбленный в Сахалин. Поклонившись милым дорогим могилам, На земле чужой он блудный сын, Пусть в душе ненастье, Но все же верит в счастье Человек, влюбленный в Сахалин. Пусть в душе ненастье, Но все же верит в счастье Человек, влюбленный в Сахалин. Колесил по свету в поисках ответа, Но ответ нашел всего один, Понял он, что все же Родина дороже, Человек, влюбленный в Сахалин. Понял он, что все же Родина дороже, Человек, влюбленный в Сахалин. Он нашел свой дворик в городке у моря И без всяких видимых причин, Растревожив память, Начал тихо плакать Человек, влюбленный в Сахалин. Растревожив память, Начал тихо плакать Человек, влюбленный в Сахалин. Все его любили, а потом забыли, На земле остался он один, И идет по склонам, По траве зеленой Человек, влюбленный в Сахалин. И идет по склонам, По траве зеленой Человек, влюбленный в Сахалин. Человек, влюбленный в Сахалин."
17,Детская,"Хочешь я тебе что-то покажу Никому об этом я не расскажу Это любят все девчонки на земле Это ведь всего лишь мороженое Припев: Ля-ля-ля-ля-ля 8 раз Можно я с тобой рядом посижу Можно я тебе свою дружбу предложу ""Мы же не одни"", - шепчешь мне в ответ От друзей у нас секретов нет Припев: Ля-ля-ля-ля-ля 24 раз В гости не зовешь ты своих подруг Так не поступает настоящий друг Позовём их всех и пойдём ко мне Мультики посмотрим на видике Припев: Ля-ля-ля-ля-ля 8 раз Я вам показал маленький пример Также поступил бы каждый пионер Песенки мотив будем напевать Каждый должен другу помогать"
18,Сделать тебя взрослой,"Сделать тебя взрослой – это очень просто Это очень просто и ты не задавай мне Глупые вопросы, не помогут слезы Не помогут слезы. Уходи, прощай По нему с ума сходила Верность лишь ему хранила И билет купила в первый ряд В ритме бешеном танцуя Ты кричала, что могу я Все что хочешь сделать для тебя Сделать тебя взрослой – это очень просто Это очень просто и ты не задавай мне Глупые вопросы, не помогут слезы Не помогут слезы. Уходи, прощай Он на письма не ответит Твои слезы не заметит И с тобой ему не по пути Зря ты по нему скучаешь Повзрослеешь и узнаешь Не бывает счастья без любви Сделать тебя взрослой – это очень просто Это очень просто и ты не задавай мне Глупые вопросы, не помогут слезы Не помогут слезы. Уходи, прощай"
19,Милая моя,"Звал тебя русалкой нежной, Ласковой, синеглазою. И в глазах твоих тонул Так часто я, Так часто я. Почему, скажи, у нас Всё расклеилось, развеялось И на что, малыш, с тобой Мы надеялись. Милая моя, милая, Не было ли счастья, Было ли.Сердцу моему Пусто без тебя, Знай, что мне нужна Только ты одна. В целом мире для меня Нет тебя милей, Тебя нежней. Без тебя не жить мне, Без любви твоей, Без любви твоей. Красотой твоею очарован я, Околдован я, Будь всегда со мною, Моя милая. Милая моя, милая, Не было ли счастья, Было ли. Сердцу моему Пусто без тебя, Знай, что мне нужна Только ты одна. Милая моя, нежная, Ты прости мне все ошибки Прежние. Сердцу моему Грустно без тебя, Знай, что мне нужна Только ты одна. Милая моя, милая, Не было ли счастья, Было ли. Сердцу моему Пусто без тебя, Знай, что мне нужна Только ты одна. Милая моя, нежная, Ты прости мне все ошибки Прежние. Сердцу моему Пусто без тебя, Знай, что мне нужна Только ты одна."
20,Свадьба,"Что же веселитесь, вам бы так попасть в беду... У своей любимой погулять на свадьбе, Да еще на свадьбе, свадьбе с новосельем, Как бы не заплакать при таком веселье... Да еще на свадьбе, свадьбе с новосельем, Как бы не заплакать при таком веселье... На седьмой на лифте поднимусь я вскоре, В двери позвоню ей и она откроет.. Пусть на этой свадьбе я чужой, возможно, А она мне скажет: ""Зря пришел, Сережа!""... Пусть на этой свадьбе я чужой, возможно, А она сквозь слезы: ""Зря пришел, Сережа!""... Первый тост я выпью за любовь, за дружбу, Все слова скажу ей, что в душе ношу я... А она, целуясь, на меня косится, Словно из объятий вырваться боится... А она, целуясь, на меня косится, Словно из объятий вырваться боится..."
21,Половинка любви,"Ты просила его: ""Только не уходи"" И дрожала от слез, умоляла: ""Прости"" Только он давно ушел, зови-не зови И с собою унес половинку любви Вещи он собрал, уходит двери за собой закроет Не смотри в окно напрасно И не жди его - все ясно Он давно ушел и ночи Стали вдруг длинней, а дни короче В комнате пустой скучаешь Как его вернуть не знаешь Ты просила его: ""Только не уходи"" И дрожала от слез, умоляла: ""Прости"" Только он давно ушел, зови-не зови И с собою унес половинку любви Думала - простит, не бросит С кем гуляешь ты не спросит И ругать тебя не станет Если ты придешь домой с друзьями Сердце ты его разбила Ты играла с ним, но не любила Не смотри в окно напрасно И не жди его - все ясно Ты просила его: ""Только не уходи"" И дрожала от слез, умоляла: ""Прости"" Только он давно ушел, зови-не зови И с собою унес половинку любви Ты просила его: ""Только не уходи"" И дрожала от слез, умоляла: ""Прости"" Только он давно ушел, зови-не зови И с собою унес половинку любви "
22,Нетелефонный разговор,"Мы с тобой часто далеки друг от друга В этом вся и прелесть В этом всё наслажденье Мне тоже нравится Делать не так как ты хочешь Чтобы позлить тебя, наверное Такая приятность Поругаться и помириться, правда? Я тебе сегодня звонила Мог бы трубку поднять Знаешь? Я жду ребёнка, ты рад? Это нетелефонный разговор Это нетелефонный разговор Ну что? Так и будешь молчать? Я думала что обрадую тебя Мы всегда будем вместе А ты? Ты просто пропал Испугался? Знаешь? А я всё решила Если ты придёшь ко мне Я просто скажу тебе... Это нетелефонный разговор Это нетелефонный разговор"
23,Выпускной,"Вот танцуют девочки: кольца, серьги, фенечки. Вот танцуют мальчики. Девочки влюбляются..... Только бы родители это не увидели Не забрали нас домой в этот вечер выпускной Вот танцуют девочки: кольца, серьги, фенечки Вот танцуют мальчики. Девочки влюбляются Только бы родители это не увидели Не забрали нас домой в этот вечер выпускной Наконец-то лето, кончились уроки Наконец-то лето. Всем гулять пора Выпускной у класса - это будет классно Выпускной у класса будет до утра До свиданья, мама. До свиданья, папа До утра сегодня будем мы гулять Пусть DJ играет, все в округе знают Выпускной у класса - будем танцевать Вот танцуют девочки: кольца, серьги, фенечки Вот танцуют мальчики. Девочки влюбляются Только бы родители это не увидели Не забрали нас домой в этот вечер выпускной Наступило лето, кончились уроки Прозвенел последний школьный наш звонок Может и не встретим мы друг друга больше Веселись, ребята, не жалея ног До свиданья, мама. До свиданья, папа До утра сегодня будем мы гулять Пусть DJ играет, все в округе знают Выпускной у класса - будем танцевать Вот танцуют девочки: кольца, серьги, фенечки Вот танцуют мальчики. Девочки влюбляются Только бы родители это не увидели Не забрали нас домой в этот вечер выпускной Вот танцуют девочки: кольца, серьги, фенечки Вот танцуют мальчики. Девочки влюбляются Только бы родители это не увидели Не забрали нас домой в этот вечер выпускной "
24,Уходи,"Твое дыхание, твои глаза и пальцы рук твоих усталых - Все это так знакомо, где-то было... Или мне казалось, Что у нас уже практически с тобою ничего не осталось. Заходишь, как к себе домой и вещи собираешь, Все что мне дорого ломаешь, бьешь, с собою забираешь. Глаза, слова и губы - все это давно забыто. Я не хочу, чтоб запах рук остался на щеках моих небритых. Все забери, что ты мне подарила и разорви ты старый наш фотоальбом, Записки, письма, слова в автоответчик сожги, сотри, Давай забудем обо всем. Себе оставлю только фото, впрочем, можешь взять и фото. Я не хочу, чтоб о тебе мне напоминало что-то. Уходишь? Что ж давай прощаться. Все это не могло, ты знаешь, так больше продолжаться. Уходи, если сможешь. Стань опять одинокой. Забирай все что хочешь, Только сердце не трогай! Уходи, если сможешь. Стань опять одинокой. Забирай все что хочешь, Только сердце не трогай! Знаю знаешь, и я это не скрою, Мне было хорошо все это время лишь с тобою. Да что я говорю! Тебе давно уже не важно! Ты все мои слова по жизни называла лажей. Слышишь? Слышишь, как сердце мое бьется? Ты хочешь посмотреть, как это сердце разобьется? Ведь все что в нем хранится, для тебя ничего не значит... Я остаюсь один. Моя душа и сердце плачет... Уходи, если сможешь. Стань опять одинокой. Забирай все что хочешь, Только сердце не трогай! Уходи, если сможешь. Стань опять одинокой. Забирай все что хочешь, Только сердце не трогай! Уходи, если сможешь. Стань опять одинокой. Забирай все что хочешь, Только сердце не трогай! Уходи, если сможешь. Стань опять одинокой. Забирай все что хочешь, Только сердце не трогай!"
25,Девушки востока,"Сегодня в клубе ночью будет танцы, Приедут в гости даже иностранцы. Там очень много девчонок отдыхает, Но мне нельзя туда, меня там точно знают. И встретил я восточную царицу, В нее успел без памяти влюбиться. Она меня к себе не подпускала, Она Алсу, она из Татарстана. На дискотеке музыка играет, Мужчины дам на танец приглашает. И я себе уже одну приметил, Она была красивей всех на свете. Я подошел к ней, от любви сгорая, Прошу простить меня, что я вас приглашаю. Она гитару об меня сломала, Она Земфира из Башкортостана. Вот вы какие, девушки Востока, Не понимаете ну как мне одиноко. И поцелуев, знаю, не добиться, Придется сразу мне на вас жениться. Вот вы какие, девушки Востока, Не поступайте вы со мной жестоко. Ведь я любви своей скрывать не стану, Уйду к Жасмин она из Дагестана."
26,Замужем,"Снова одна ночью без сна Завтра с утра ты выйдешь замуж Так мало лет, а счастья нет Скоро рассвет, а ты рыдаешь В платье стоишь свадебном ты Ты так давно о нем мечтала Но под фатой слезы рекой Ты не моей женою стала Теперь ты замужем И тебе не нужен я уже А моя девчонка замужем И теперь не нужен я уже Я такой не нужен Бросить бы все и убежать Но на руке кольцо сверкает Ты не могла так долго ждать И ты в чужих объятьях таешь В платье стоишь свадебном ты Ты так давно о нем мечтала Но под фатой слезы рекой Ты не моей женою стала Теперь ты замужем И тебе не нужен я уже А моя девчонка замужем И теперь не нужен я уже Я такой не нужен Замужем А моя девчонка замужем Я теперь не нужен Замужем А моя девчонка замужем Я такой не нужен Ты замужем И тебе не нужен я уже А моя девчонка замужем И теперь не нужен я уже Я такой не нужен Замужем А моя девчонка замужем И теперь не нужен я уже А моя девчонка замужем Я такой не нужен."
27,Танцуют все,Я простой обычный парень И все меня знают Я учусь в институте Но я там не появляюсь Каждый вечер на тусовках Каждой ночью я в я в клубах И конечно не забуду о своих подругах Меня попса не вставляет Запоют мороз по коже Есть такие команды Просто слушать не возможно Я сегодня вместе с вами Объявлю войну попсе Ну короче всё нормально Камон – «Танцуют все!» Меня Рамштайн не заводит А Лимп Бизкит ломает Всё равно я в английском ничего не понимаю Я возьму не много пива Я вообще люблю пиво Эй девчонки камон Не проходите мимо Но при выборе тусовки Нужно быть осторожным Иногда такое включат Просто слушать не возможно Я сегодня вместе с вами Объявлю войну попсе Ну короче всё нормально Камон – «Танцуют все!» Я простой обычный парень И все меня знают Я учусь в институте Но я там не появляюсь Каждый вечер на тусовках Каждой ночью я в я в клубах И конечно не забуду о своих подругах Меня попса не вставляет Запоют мороз по коже Есть такие команды Просто слушать не возможно Я сегодня вместе с вами Объявлю войну попсе Ну короче всё нормально Камон – «Танцуют все!» Меня Рамштайн не заводит А Лимп Бизкит ломает Всё равно я в английском ничего не понимаю Я возьму не много пива Я вообще люблю пиво Эй девчонки камон Не проходите мимо Но при выборе тусовки Нужно быть осторожным Иногда такое включат Просто слушать не возможно Я сегодня вместе с вами Объявлю войну попсе Ну короче всё нормально Камон – «Танцуют все!» Я простой обычный парень И все меня знают Не учусь в институте Меня от туда выгоняют Не пускают меня в клубы На тусовки не зовут И своей любимой песней Я замучил всех вокруг И лучший друг говорит мне Ты всех напрягаешь В шоубизнесе чувак Ты ничего не понимаешь Я сегодня в подъезде Объявлю войну попсе Леха где мои колонки Камон – «Танцуют все!»
28,Он тебя целует,"Вечером тёплым брожу один. Ты не сможешь вернуть её шепчет мне нежно дождь. Знаю, что встречу тебя с другим, Лучше это была не ты, Но рядом с ним ты идёшь. Я ж тебя так любил, так любил. Думал, что ты ждала меня, Что же ты сделала. Я ж тебя так любил, так любил, А теперь потерял тебя. А он тебя целует, говорит что любит И ночами обнимает, к сердцу прижимает. А я мучаюсь от боли, со своей любовью, Фотографии в альбоме о тебе напомнят. А он тебя целует, говорит что любит И ночами обнимает, к сердцу прижимает. А я мучаюсь от боли, со своей любовью, Фотографии в альбоме о тебе напомнят. О тебе... Вечером тёплым гремит гроза. Снова вижу я вас вдвоём, ты улыбаешься. В сторону я отвожу глаза, Что же делаешь ты со мной Зачем издеваешься ? Я ж тебя так любил, так любил. Думал, что ты ждала меня, Что же ты сделала. Я ж тебя так любил, так любил, А теперь потерял тебя. А он тебя целует, говорит что любит И ночами обнимает, к сердцу прижимает. А я мучаюсь от боли, со своей любовью, Фотографии в альбоме о тебе напомнят. А он тебя целует, говорит что любит И ночами обнимает, к сердцу прижимает. А я мучаюсь от боли, со своей любовью, Фотографии в альбоме о тебе напомнят. О тебе..."
29,Стоят подружки,"Ко мне пришел Мой самый лучший друг И говорит: ""Давай найдем подруг"" Как много их Красивых таких Ты любишь этих А я других Стоят девчонки - юбки по колено У перехода метрополитена Привет, девчонки, я хороший мальчик Пойдем ко мне, родители на даче Опять одни Сидим мой друг и я На лето все Разъехались друзья А нам найти Девчонок так легко Мы встретим их У станции метро Стоят девчонки - юбки по колено У перехода метрополитена Привет, девчонки, я хороший мальчик Пойдем ко мне, родители на даче Стоят девчонки - юбки по колено У перехода метрополитена Привет, девчонки, я хороший мальчик Пойдем ко мне, родители на даче Ко мне пришел Мой самый лучший друг И говорит: ""Давай найдем подруг"" Как много их Красивых таких Ты любишь этих А я других Стоят девчонки - юбки по колено У перехода метрополитена Привет, девчонки, я хороший мальчик Пойдем ко мне, родители на даче Стоят девчонки - юбки по колено У перехода метрополитена Привет, девчонки, я хороший мальчик Пойдем ко мне, родители на даче"
30,Маленькие девочки,"Маленькие девочки В первый раз влюбляются, Маленькие девочки Каждый ошибается, Маленькие девочки Это не считается, Маленькие девочки Вы такие маленькие. Маленькие девочки В первый раз влюбляются, Маленькие девочки Каждый ошибается, Маленькие девочки Вечером на улицу, Маленькие девочки В первый раз целуются. Что с тобой случилось? Что ты горько плачешь? Ну, не получилось, И ушел твой мальчик. На четыре года Ты его моложе, Не грусти родная Подожди немного. Что с тобой случилось? Потеряла счастье, Запрещает мама С ним тебе встречаться, Надо бы учиться На одни пятерки, &gt;Но одни мальчишки В сердце у девчонки. Снова губы красишь Красною помадой, Не доволен папа Так ему и надо. Что ты там рисуешь Тушью над глазами? Краситься так ярко Запрещает мама. Что с тобой случилось? Что ты горько плачешь? Ну, не получилось, И ушел твой мальчик. На четыре года Ты его моложе, Не грусти родная Подожди немного"
31,"Не бойся, я с тобой","Почему же так темно, просто я закрыл глаза И не вижу ничего, только чувствую тебя Ты дрожишь в моих руках, потеряла ты покой Тебя крепче обниму, ты не бойся, я с тобой Я останусь у тебя и тихонько посижу Для тебя, любовь моя, сказку на ночь расскажу И теплее сразу стал дом холодный и пустой Всю любовь тебе отдам, ты не бойся, я с тобой Почему же так тепло, просто ты в моих руках Засыпаешь так легко с поцелуем на губах Будем вместе мы всегда, даже если в снах твоих И любовь, что есть у нас, мы разделим на двоих Почему же так легко, просто любишь ты меня Пусть всегда мое тепло будет только для тебя Светит нам с тобой в окно солнца лучик золотой Встретим новый день вдвоем, ты не бойся, я с тобой Почему так счастлив я, догадайся ты сама Благодарен я судьбе за любовь что нам дана И никто и никогда нас не разлучит с тобой Я останусь навсегда с самой нежной и родной Я останусь у тебя и тихонько посижу Для тебя, любовь моя, сказку на ночь расскажу И светлее сразу стал дом холодный и пустой Всю любовь тебе отдал, ты не бойся, я с тобой"
32,У реки девчонка,"У реки девчонка горевала По реке ночной цветочек плыл Ведь девчонке нужно очень мало Нужно чтобы кто-нибудь ее любил Да, любовь, любовь - она такая Даже если больше нету сил Ты не плачь, не плачь моя родная Цветочек наш уплыл, но я тебя любил У реки девчонка горевала А любовь ей придавала сил В воду бросилась она не зная Что цветок давным-давно уже уплыл Да, любовь, любовь - она такая Даже если больше нету сил Ты не плачь, не плачь моя родная Цветочек наш уплыл, но я тебя любил Да, любовь, любовь - она такая Даже если больше нету сил Ты не плачь, не плачь моя родная Цветочек наш уплыл, но я тебя любил"
33,Думала,"Говорила, что меня не видела, Обнимала и тихо ненавидела. Обещала быть моей любимою И глазами хлопала невинными. И на все, на все мои признания - Получал я только обещания. Я не знаю, что ты там задумала, Дам я время, чтобы ты подумала. Думала, думала, думала Время быстро пролетало, а ты всё обещала. Думала, думала, думала И мальчишке молодому все уши прожужжала. Думала, думала, думала Ни ответа, ни привета, ты опять пропала. Думала, думала, думала Вот такая вот история. Ла-ла-ла-ла-ла. Говорила, что меня не видела, Целовала и тихо ненавидела. Вечерами от меня скрывалась ты, Может просто, просто испугалась ты. Ты не думай, долго ждать не буду я, И назло влюблюсь в твою подругу я. Ведь она давно мне глазки строила, ты подумай, ведь пока с тобою я. Думала, думала, думала Время быстро пролетало, а ты всё обещала. Думала, думала, думала И мальчишке молодому все уши прожужжала. Думала, думала, думала Ни ответа, ни привета, ты опять пропала. Думала, думала, думала Вот такая вот история. Ла-ла-ла-ла-ла. Думала, думала, думала Всё ты в жизни потеряла. Ла-ла-ла-ла-ла"
34,Только для тебя,"Только для тебя На чёрном море корабли, корабли. Только для тебя Я обойду вокруг земли, я земли. Только для тебя Найду друзей я на луне, на луне. Хочешь одного Я привезу его тебе, я тебе. Ла ла ла ла, ла ла ла ла ла, Ла ла ла ла ла, а мне всё мало. Ла ла ла ла ла, ла ла ла ла ла, Ла ла ла ла ла, а мне всё мало. Ла ла ла ла, ла ла ла ла ла, Ла ла ла ла ла, а мне всё мало. Ла ла ла ла ла, ла ла ла ла ла, Ла ла ла ла ла, а мне всё мало. Только для тебя Купил билеты я в кино, я в кино. Только для тебя Я прилечу на НЛО, НЛО. Только для тебя Я покоряю Эверест, Эверест. Только не пойму Зачем же я туда залез, я залез. Ла ла ла ла ла, ла ла ла ла ла, Ла ла ла ла ла, а мне всё мало. Ла ла ла ла ла, ла ла ла ла ла, Ла ла ла ла ла, а мне всё мало. Только для тебя Взлетает в небо самолёт, самолёт. Только для тебя Уносит он меня в полёт, он в полёт. Только для тебя Я много песен сочиню, сочиню. Только золотой Я грамофон не получу, получу. Ла ла ла ла ла, ла ла ла ла ла, Ла ла ла ла ла, а мне всё мало. Ла ла ла ла ла, ла ла ла ла ла, Ла ла ла ла ла, а мне всё мало. А мне всё мало, а мне всё мало. А мне всё мало, а мне всё мало."
35,Что мне делать с тобой?,"Что, что мне делать с тобою? Ты моя радость и горе! Сделала мне очень больно. Что, что мне делать с тобою? Не люблю с тобой спорить. Лучше смириться с судьбою. Закрыла ты, лицо руками, И просишь всё меня забыть. Я не могу, ты это знаешь, В последний раз тебя простить . И я уже тебе не верю, И оправдания не в счёт. Я ухожу, не хлопнув дверью, Пусть тебе в жизни повезёт. Что, что мне делать с тобою? Ты моя радость и горе! Сделала мне очень больно. Что, что мне делать с тобою? Не люблю с тобой спорить. Лучше смириться с судьбою. Нам не вернуть того, что было, И нам с тобой не по-пути. Как жаль, что ты меня забыла, Любовь нам нашу не спасти. И я уже тебе не верю. И слёзы вовсе не к чему. И мне с тобой нет смысла спорить, Прости я молча ухожу. Что, что мне делать с тобою? Ты моя радость и горе! Сделала мне очень больно. Что, что мне делать с тобою? Не люблю с тобой спорить. Лучше смириться с судьбою."
36,Он не я,"Остаюсь я один, даже сердце не бьётся, А обида в душе навсегда остаётся, И только голубем белым к тебе улетают Все приветы мои адресата не знают. И далеко-далеко ты с другим остаёшься, И взаимной любви от него не добьёшься. И ты уже не живёшь, не страдаешь, не дышишь, Ты останешься с ним, а меня не услышишь. Он не я, не разбудит утром, Он не я, и ласкать не будет Он тебя. И таким же тёплым, Как и я, никогда не будет. Он не я, нежных слов не слышно, Он не я, я здесь третий лишний, Вместе с ним остаёшься, знаю. Что ж, тогда прощай, родная. Остаёшься ты с ним, пусть судьба так решила, С ним тебе хорошо, а меня ты забыла. И только голуби в небе летают, летают И дорогу к тебе навсегда забывают И даже верить не хочешь, что я так страдаю, С каждым днем всё сильней о тебе я мечтаю. Но только слёзы не сохнут и голос всё тише, Ты останешься с ним, а меня не услышишь. Он не я, не разбудит утром, Он не я, и ласкать не будет Он тебя. И таким же тёплым, Как и я, никогда не будет. Он не я, нежных слов не слышно, Он не я, я здесь третий лишний, Вместе с ним остаёшься, знаю. Что ж, тогда прощай, родная. Родная, родная..."
37,Серёжа,"Почему ты обходишь вновь меня стороной, Почему избегаешь снова встречи со мной? Ты пойми, мне не важно сколько было парней У тебя до того, как ты стала моей. Я не ем и не сплю уже несколько дней И давно уже жду, что ты станешь моей. Почему же опять, ты мне не позвонишь? Я хочу быть с тобой, лишь с тобою, малыш. Пишу тебе письмо и, как всегда, сжигаю. В нём строчки из хита: ""Лишь о тебе мечтаю"". А завтра мы увидимся с тобою снова, Но мимо ты пройдешь, мне не сказав ни слова. Пишу тебе стихи и как всегда сжигаю. И в этих строчках я лишь о тебе мечтаю. Мне для тебя писать стихи совсем не сложно. Ну всё целую, ниже подпись - твой Серёжа... Ты такая одна, ни к чему эта ложь, Ты не та, за кого ты себя выдаёшь. Ты своей красотой многих сводишь с ума, Только вместе, боюсь, нам не быть никогда. Я хочу подойти, но боюсь, что в ответ Как и всем ты ответишь холодное - нет. Напишу я письмо и сожгу его вновь, Но горит лишь бумага, не сгорает любовь. Пишу тебе письмо и, как всегда, сжигаю. В нём строчки из хита: ""Лишь о тебе мечтаю"". А завтра мы увидимся с тобою снова, Но мимо ты пройдешь, мне не сказав ни слова. Пишу тебе стихи и как всегда сжигаю. И в этих строчках я лишь о тебе мечтаю. Мне для тебя писать стихи совсем не сложно. Ну всё целую, ниже подпись - твой Серёжа... Пишу тебе письмо и, как всегда, сжигаю. В нём строчки из хита: ""Лишь о тебе мечтаю"". А завтра мы увидимся с тобою снова, Но мимо ты пройдешь, мне не сказав ни слова. Пишу тебе стихи и как всегда сжигаю. И в этих строчках я лишь о тебе мечтаю. Мне для тебя писать стихи совсем не сложно. Ну всё целую, ниже подпись - твой Серёжа... Пишу тебе письмо и, как всегда, сжигаю. В нём строчки из хита: ""Лишь о тебе мечтаю"". А завтра мы увидимся с тобою снова, Но мимо ты пройдешь, мне не сказав ни слова. Пишу тебе стихи и как всегда сжигаю. И в этих строчках я лишь о тебе мечтаю. Мне для тебя писать стихи совсем не сложно. Ну всё целую, ниже подпись - твой Серёжа..."
38,Выбирай сама,"Двое нас только ты лишь одна И любовь ты свою на двоих разделяешь! То один, то другой у тебя Кто же лучше из нас, кто красивей не знаешь! Знаешь ты, что втроем нам не быть Значит с кем то из нас нужно будет расстаться! Выбирай и решай поскорей Просто из-за тебя не хотим мы ругаться! А ну попробуй угадай Кого ты хочешь выбирай! Нас только двое ты одна Короче выбирай сама! Короче выбирай сама! Двое нас только ты лишь одна То с одним, то с другим вечерами гуляешь! Понедельник целуешься с ним А во вторник уже ты меня обнимаешь! Может хватит за нами ходить Выбирай поскорей, с кем ты хочешь остаться! Ты не можешь двоих нас любить Не хватала еще из-за девчонок ругаться! А ну попробуй угадай Кого ты хочешь выбирай! Нас только двое ты одна Короче выбирай сама! Короче выбирай сама! А ну попробуй угадай Кого ты хочешь выбирай! Нас только двое ты одна Короче выбирай сама! Короче выбирай сама!"
39,"Доброй, нежной, ласковой","Солнышком, Была ты ясным солнышком, Ушла, исчезла, И остались тучи без тебя. Самою Красивою и доброю Ты навсегда останешься Такою для меня. Самой доброю, самой нежною, Самой ласковой. Самой доброю, самой нежною, Самой ласковой. А-а-а-а, А-а, а-а. Рыбкою, Ты золотою рыбкою, Как в сказке, в синем море Уплывала навсегда. Ты плыви, Плыви, моя любимая, Но не забудь исполнить Три желанья для меня. Самою доброю, самой нежною, Самой ласковой. Самой доброю, самой нежною, Самой ласковой. Самой доброю, самой нежною, Самой ласковой. Самой доброю, самой нежною, Самой ласковой. А-а-а-а, А-а, а-а. А-а-а-а, А-а, а-а. Девочкой, Была моей ты девочкой, Но с каждым днём взрослее ты И дальше от меня Только знай, Что даже через сотни лет Любимою останешься Девчонкой для меня. Самой доброю, самой нежною, Самой ласковой. Самой доброю, самой нежною, Самой ласковой. Самой доброю, самой нежною, Самой ласковой. Самой доброю, самой нежною, Самой ласковой. А-а-а-а."
40,"Молодой, красивый","Этот теплый вечер, был таким счастливым Только все испортил, моросящий дождь. Я стоял промокший, молодой, красивый И ещё не знал я, что ты не придёшь. Я стоял промокший, молодой, красивый И ещё не знал я, что ты не придёшь. Я стоял промокший, и такой счастливый А бродяга ветер, нагонял беду. Капли, как слезинки по щекам не бритым Но не стоит плакать, плакать пацану Капли, как слезинки по щекам не бритым Но не стоит плакать, плакать пацану Этот теплый вечер, был таким счастливым Только все испортил, моросящий дождь. Зря тебе поверил, молодой, красивой Если б только знал я, что ты не придёшь. Зря тебе поверил, молодой, красивой Если б только знал я, что ты не придёшь."
41,18 мне уже,"Забирай меня скорей, увози за сто морей И целуй меня везде 18 мне уже. Забирай меня скорей, увози за сто морей И целуй меня везде я ведь взрослая уже. Забирай меня скорей, увози за сто морей И целуй меня везде 18 мне уже. Забирай меня скорей, увози за сто морей И целуй меня везде я ведь взрослая уже. Ты сегодня взрослее стала и учебу ты прогуляла, Собрала всех своих подружек,ну а как же я?! Ведь день рождение у тебя. Знаю, ты меня не забудешь, Я приду - меня зацелуешь, Но поцелуев твоих мне мало, Я хочу,чтоб ты сказала Забирай меня скорей, увози за сто морей И целуй меня везде 18 мне уже. Забирай меня скорей, увози за сто морей И целуй меня везде я ведь взрослая уже. Ты уже танцевать устала,эта песня сто раз играла. Веселятся твои подружки,разбудили всех, Пели песни Руки Вверх. Все ушли,мы одни остались И друг другу во всем признались, Ведь ты сегодня взрослее стала, Наконец-то мне сказала: Забирай меня скорей, увози за сто морей И целуй меня везде 18 мне уже. Забирай меня скорей, увози за сто морей И целуй меня везде я ведь взрослая уже. Забирай меня скорей, увози за сто морей И целуй меня везде 18 мне уже. Забирай меня скорей, увози за сто морей И целуй меня везде я ведь взрослая уже. Знаю,ты меня не забудешь Я приду меня зацелуешь, Но поцелуев твоих мне мало, Я хочу, чтоб ты мне прошептала: Забирай меня скорей, увози за сто морей И целуй меня везде 18 мне уже. Забирай меня скорей, увози за сто морей И целуй меня везде 18 мне уже. Забирай меня скорей, увози за сто морей И целуй меня везде 18 мне уже. Забирай меня скорей, увози за сто морей И целуй меня везде я ведь взрослая уже."
42,Алешка,"Любишь ты Алешку больше, чем меня, О Алёшке ты вздыхаешь зря, О Алёшке, все твои мечты, Только о Серёге позабыла ты. И без Лёшки жизнь твоя пуста, Ты совсем ещё наивна и чиста, Наблюдаешь ты за ним издалека, Только между вами слёз река. Потому что есть Алёшка у тебя, О Алёшке ты вздыхаешь зря, О Алёшке все твои мечты, Только о Серёге позабыла ты. Не висит плакат мой дома на стене, Ты уже не помнишь обо мне, И подружкам ты боишься рассказать, Как Алёшку ты не хочешь потерять. И стоишь ты рядом в двух шагах, И не скроешь слёзы на глазах, Ты не знаешь, как ты далека, Между нами снова слёз река. Потому что есть Алёшка у тебя, О Алёшке ты вздыхаешь зря, О Алёшке все твои мечты, Только о Серёге позабыла ты. Потому что есть Алёшка у тебя, О Алёшке ты вздыхаешь зря, О Алёшке все твои мечты, Только о Серёге позабыла ты. Позабыла ты, позабыла ты. Потому что есть Алёшка у тебя О Алёшке ты вздыхаешь зря, О Алёшке все твои мечты..."
43,"Здравствуй, это я...","Я ничего о тебе не знал, Всю свою жизнь я тебя искал, Верил, что ты ждала меня, Двери открой, здравствуй, это я! Ты ничего мне не говори, Двери открой, меня пусти, Я расскажу, как искал тебя Это не сон, здравствуй, это я! Ничего не скрою я от тебя, Всё расскажу, обниму любя, Знаю, как ты ждала меня, Двери открой, здравствуй, это я! Крепко меня ты обними, Двери на все замки запри, Я не исчезну никуда, Просто скажу: «Здравствуй, это я!» Пусть солнце весною Согревает нас с тобою, Пусть счастье, как море, Нас накроет тёплою волною. Ты рядом со мною, Прикоснись ко мне рукою, И слёзы не скрою, Через столько лет мы опять с тобою. Пусть солнце весною Согревает нас с тобою, Пусть счастье, как море, Нас накроет тёплою волною. Ты рядом со мною, Прикоснись ко мне рукою, И слёзы не скрою, Через столько лет ты опять с мною. Я ничего о тебе не знал, Всю свою жизнь я тебя искал, Верил, что ты ждала меня, Двери открой, здравствуй, это я!"
44,Песенка № 3,"Один я снова иду И мне гулять одному Так скучно. Но я же не пропаду, Себе девчонок найду. А мне по-фиг! Ты меня не ждала, Ты мирно спала В четыре утра. Я всем устроил подъем. Просыпайся! Пойдем Потанцуем вдвоем! Ах, сорри! Ты же спала. Ты не кричи на меня. Все клево! Ты говоришь: ""Не пойду!"" А я другую найду! Мне по-фиг! Ты меня не ждала И сладко спала В полшестого утра. Но, но мне все равно И я лезу в окно. Вот такое кино! Ой, сорри! Ты не одна! Твой друг кричит на меня. Обидно! Никто со мной не идёт, сегодня мне не везёт! А по-фиг!"
45,Так тебе и надо,"Не прячь свои глаза, Посмотри, что у нас с тобой осталось. Всё не так легко, И уже не смешно, как тебе казалось. Ты мне расскажи, Кто тебя целует, кто ласкает... Так же как и я, Он тебя найдёт и потеряет. Ты, ты осталась одна, так тебе и надо, Ты никому не нужна, и со мною рядом Есть кто-то лучше тебя, ты за всё прости меня И попробуй найти кого-то лучше, чем я! Вспомнишь ты меня И захочешь ты ко мне вернуться, Взять и всё простить, От любви моей проснуться. Знаю точно я, У тебя таких как я не будет, Ты опять одна, И никто тебя, тебя не любит. Ты, ты осталась одна, так тебе и надо, Ты никому не нужна, и со мною рядом Есть кто-то лучше тебя, ты за всё прости меня И попробуй найти кого-то лучше, чем я!"
46,Баю-бай,"Я к тебе прижмусь Словно невзначай. Спи, малыш, баю-бай, Спи, малыш, баю-бай. Глазки закрывай! Рядом буду я, Не переживай! Спи, малыш, баю-бай, Спи, малыш, баю-бай. Глазки закрывай! Теплою рукой Нежно обниму Ласковою мою, Глупенькую мою, Нежную мою. И всю ночь с тобой До утра без сна. Ты у меня одна, Ты у меня одна, Только ты одна! Мне с тобой До земли, до неба не достать рукой. Не увидеть звезды в тишине ночной. Рядом буду, вдруг тебе приснится что-то. Я ж не сплю, Поцелую обниму любовь мою, И не дам тебя в обиду Так и знай! Просто засыпай."
47,Парень,"Что ж ты, парень, Девчонку обижаешь? Ты же, парень, Совсем ее не знаешь. Не встречаешь, Домой не провожаешь. Что ж ты, парень, Девчонку обижаешь? А? Ты совсем о ней забыл, Почему-то не звонил. С кем ты время проводил, Не знаю я. А она тебя ждала, Даже в школу не пошла. Что у вас там за дела, Не понимаю я! Вам друг друга не понять, Может стоит подождать. Но девчонку обижать не надо. Если можешь ты любить, Я могу вас помирить. Может все она простить И будет рядом. Смотри, дождешься у меня! Девчонку обижаешь…А? Смотри, получишь у меня! Ты совсем о ней забыл, Почему-то не звонил. С кем ты время проводил, Не знаю я. Ты один - она одна. Ни подруга, ни жена, Но она тебе верна. Точно знаю я. Повторяю вновь и вновь: Что у вас там за любовь? Беспредел, а не любовь! Не понимаю я!"
48,Не зови меня красивою,"Не зови меня красивою, Я ведь вовсе некрасивая. Не зови голубоглазою, Златовласой не зови. Я совсем - совсем обычная, Может просто симпатичная. А люблю тебя красивого, Не стыдясь своей, не стыдясь своей, Не стыдясь своей, любви Я не знаю что же все-таки, Ты нашел во мне особого? Говоря по правде боязны Мне признания твои. Говорят подружки: ""Глупая! Полюбила на беду свою"". Ну, а я люблю ни капельки. Не стыдясь своей, не стыдясь своей, Не стыдясь своей, любви... Я сама не редко чувствую, Что немного стала грустною. Только грусть во мне вся светлая, Как и песни, все твои. Может нам с тобой не вместе быть, Не в одной воде до счастья плыть. Все равно я очень счастлива. От моей любви, От моей любви, от моей любви, к тебе..."
49,I Like,"Like, You Like, I Like Like, I Like, I I Like, You Like, I Like Like, I Like, I I Like, You Like, I Like Like, I Like, I I Like, You Like, Like, You Like, I Like Like, I Like, I I Like, You Like, I Like Like, I Like, I I Like, You Like, I Like Like, I Like, I I Like, You Like, I Like Like, I Like, I I Like, You Like, I Like Like, I Like, I I Like, You Like, I Like Like, I Like, I I Like."
50,Прости,"Мягкий-мягкий снег, на моём окне. Умирая, нежно таял, думал о тебе. С ним грустил и я, ведь рядом нет тебя, Как же мог я жить так долго, верность не храня. Ты могла бы меня спасти, На минуту остаться рядом, В тишине прошептать ""прости"", Только слёз мне твоих не надо. Подари мне своё тепло, И останься на век со мною, Ты же знаешь, как тяжело, Тяжело быть моей женою... И в холодный день, снова я приду, Двери распахну, и снова, в жизнь твою войду. Только не гони, и не уходи, Мне такой, как ты, любимой, больше не найти Ты могла бы меня спасти, На минуту остаться рядом, В тишине прошептать ""прости"", Только слёз мне твоих не надо. Подари мне своё тепло, И останься на век со мною, Ты же знаешь, как тяжело, Тяжело быть моей женою... Ты могла бы меня спасти, На минуту остаться рядом, В тишине прошептать ""прости"", Только слёз мне твоих не надо. Подари мне своё тепло, И останься на век со мною, Ты же знаешь, как тяжело, Тяжело быть моей женою..."
51,Киска-любовь,"Голос твой нежный я слышу, Просит он всё вернуть назад, Тише любимая, тише, Я во всём был с тобой виноват. Я виноват... Я виноват... Ведь ты у меня одна, кисонька моя. И целоваться я хочу с тобою. Останься у меня, дома у меня Походим голышом с тобою! Ты у меня одна, кисонька моя И целоваться я хочу с тобою Останься у меня, дома у меня Походим голышом с тобою! Сядем друг к другу ближе, Я давно уж на всё готов. Вижу, любимая, вижу. Это больше, чем просто любовь. Это любовь, киска - любовь. Это любовь, киска – любовь Ведь ты у меня одна, кисонька моя. И целоваться я хочу с тобою. Останься у меня, дома у меня. Походим голышом с тобою! Ведь ты у меня одна, ведь ты у меня одна, Ведь ты у меня одна, кисонька моя. И целоваться я хочу с тобою. Останься у меня, дома у меня. Походим голышом с тобою! Ты у меня одна, кисонька моя. И целоваться я хочу с тобою. Останься у меня, дома у меня. Походим голышом с тобою!"
52,Он не любит тебя,"А ты ни с кем не гуляла, сидела одна. И невинность свою для него берегла. Только все это зря, только все это зря. Он не помнит о тебе и не любит тебя! Ты поверила в то, что не будешь с другим, Представляя себе, как ты счастлива с ним! Только все это зря, только все это зря. Он не помнит о тебе и не любит тебя! А ты о нем вспоминала, хотела любви. И до встречи с любимым, считала ты дни. Только все это зря, только все это зря. Он не помнит о тебе и не любит тебя Ты уже не ребенок и хочешь тепла, Но по-прежнему ты остаешься одна. Знаешь все это зря, знаешь все это зря. Он не помнит о тебе и не любит тебя! Пусть проходит любовь, пусть разбиты мечты, Очень скоро поймешь не того любишь ты. Ты же знала, что зря, ты же знала, что зря, Ты любила того, кто не любит тебя! И проснешься ты утром, услышишь: ""Люблю!""- Это я тебе нежно с утра пропою. И поймешь, что не зря, и поймешь, что не зря, Ты забыла его и нашла ты меня."
53,Ай-яй-яй,"Ай-яй-яй, девчонка, где взяла такие ножки Ай-яй-яй, девчонка, топай-топай по дорожке Ай-яй-яй мальчишки все уже сломали глазки Ай-яй-яй, мальчишки, на нее глядеть опасно Ай-яй-яй, девчонка, где же все твои подружки Ай-яй-яй, девчонки, вам мальчишки не игрушки Ай-яй-яй, девчонка, ты куда бежишь не знаю Ай-яй-яй, девчонка, за тобой не успеваю Ай-яй-яй шепчу тебе, родная Ай-яй-яй, а имени не знаю Ай-яй-яй откуда ж ты такая Ай-яй-яй девчонка озорная Ай-яй-яй шепчу тебе, родная Ай-яй-яй, а имени не знаю Ай-яй-яй откуда ж ты такая Ай-яй-яй такая деловая Ай-яй-яй, девчонка, подожди одну минутку Ай-яй-яй, девчонка, я влюбился не на шутку Ай-яй-яй, девчонка, что ж ты делаешь со мною Ай-яй-яй, девчонка, забери меня с собою Ай-яй-яй шепчу тебе, родная Ай-яй-яй, а имени не знаю Ай-яй-яй откуда ж ты такая Ай-яй-яй девчонка озорная Ай-яй-яй шепчу тебе, родная Ай-яй-яй, а имени не знаю Ай-яй-яй откуда ж ты такая Ай-яй-яй такая деловая"
54,Я не отдам тебя никому,"Ты подойди поближе, присядь со мною рядом. Я не могу тебя так долго ждать. Как быстро ночь промчалась и губ слияний нежных Мне больше никогда не испытать. Ты подойди поближе, почувствуй, что я рядом, Пойми, что никуда я не уйду. Позволь мне насладиться твоим влюблённым взглядом. Ну где ещё такую я найду? Как мне сегодня хочется, Только с тобою рядом быть. Скрасить твоё одиночество, Только тебя одну любить. Я прошепчу тебе ласково, Нежной рукою обниму. Солнышко ты моё ясное, Я не отдам тебя никому. Ты подойди поближе, поговори со мною. Я так хочу услышать голос твой. Я так хочу сегодня, забыть о всём с тобою. В объятьях самой нежной и родной. Ты подойди поближе, и будь сама собою. Я не могу тебя так долго ждать. Как быстро ночь промчалась, а нам ещё с тобою, О многом нужно помечтать. Как мне сегодня хочется, Только с тобою рядом быть. Скрасить твоё одиночество, Только тебя одну любить. Я прошепчу тебе ласково, Нежной рукою обниму. Солнышко ты моё ясное, Я не отдам тебя никому. Как мне сегодня хочется, Только с тобою рядом быть. Скрасить твоё одиночество, Только тебя одну любить. Я прошепчу тебе ласково, Нежно рукою обниму. Солнышко ты моё ясное, Я не отдам тебя никому. Я прошепчу тебе ласково, Нежной рукою обниму. Солнышко ты моё ясное, Я не отдам тебя никому."
55,Песенка номер два,"Я знаю - ты готова Со мной помчаться снова Туда, где будут танцы, Танцы до утра. Ты, как всегда, согласна, И мне предельно ясно, Что началась для нас Безумная игра. Припев: Одежда падает вниз, Пластинки кружится диск, Hам хорошо в кругу твоих друзей. Здесь незнакомых нет лиц, Движенью нету границ, И вместе нам веселей, И вместе нам веселей… Соседям нет покоя, Танцую я с тобою, Весь день играет Музыка твоя. И ты на всё согласно, И мне предельно ясно, Что веселиться будем С ночи до утра. Одежда падает вниз, Пластинки кружится диск, Hам хорошо в кругу твоих друзей. Здесь незнакомых нет лиц, Движенью нету границ, И вместе нам веселей, Ла ла ла ла ла ла Ла ла ла ла ла ла Ла ла ла ла ла ла Ла ла ла ла ла ла Ла ла ла ла ла ла"
56,Лучший парень,"Как-то у меня собрались друзья, Только ты одна не пришла. В день рождения приглашения Получала ты точно знаю я. Что же не пришла? Может, не смогла? Может быть, забыла и обижена? Или я хорош слишком для тебя, Или может ты слишком скромная? Все говорят я самый лучший парень в этом дворе. Я нравлюсь всем, но почему-то только не тебе. А ты гуляешь и не знаешь ничего обо мне - О самом лучшем, самом лучшем парне на земле! Все говорят я самый лучший парень в этом дворе. Я нравлюсь всем, но почему-то только не тебе. А ты гуляешь и не знаешь ничего обо мне - О самом лучшем, самом лучшем парне на земле! Говорят друзья: ""Ты не в ту влюблен! У нее таких миллион!"" Если б знала ты, как скучаю я, Как твоею красотою окрылен. Что же ты молчишь? Что же не звонишь? Что же не приходишь, по ночам не спишь? Или я хорош слишком для тебя, Или ты такая неприступная? Все говорят я самый лучший парень в этом дворе. Я нравлюсь всем, но почему-то только не тебе. А ты гуляешь и не знаешь ничего обо мне - О самом лучшем, самом лучшем парне на земле! Все говорят я самый лучший парень в этом дворе. Я нравлюсь всем, но почему-то только не тебе. А ты гуляешь и не знаешь ничего обо мне - О самом лучшем, самом лучшем парне на земле! Все говорят я самый лучший парень в этом дворе. Я нравлюсь всем, но почему-то только не тебе. А ты гуляешь и не знаешь ничего обо мне - О самом лучшем, самом лучшем парне на земле!"
57,Ты назови его как меня (Сынишка),"Видишь меня в последний раз, Я ухожу с тобой прощаясь. Пусть вся любовь, что была у нас В сердце твоем не угасает. Ты не изменишь, не придашь И не соврёшь про то, что было. Пусть знает всё ребенок наш, Как я любил, как ты любила. Мне нелегко — тяжело сейчас, Без твоих глаз, без твоей улыбки Пусть нахожусь далеко от вас - Так я плачу за свои ошибки. Каждую ночь вспоминаю дом, В сердце тоска и совсем не спится. Бога молю только об одном Пусть мне сынишка наш приснится. Ты назови его как меня, И так люби, как меня любила И подари всё, что есть у тебя Всю теплоту, что в душе хранила. Ты назови его как меня, И так люби, как меня любила И подари всё, что есть у тебя Всю теплоту, что в душе хранила. В тёмном вагоне пустота, Лишь за окном листва кружится Вместе с листвой пролетят года А наша любовь не повторится. Но ты не изменишь, не придашь И не соврёшь про то, что было Пусть знает всё ребенок наш, Как я любил, как ты любила Ты назови его как меня, И так люби, как меня любила И подари всё, что есть у тебя Всю теплоту, что в душе хранила. Ты назови его как меня, И так люби, как меня любила И подари всё, что есть у тебя Всю теплоту, что в душе хранила."
58,Если ты разлюбила,"Если ты разлюбила и всё забыла, Лучше меня не зови, не зови, не зови... Если в сердце любовь ещё не остыла, Нежно меня обними... Обними, обними меня, меня... Если ты разлюбила и всё забыла, Лучше меня не зови, Если в сердце любовь ещё не остыла, Нежно меня обними Если ты разлюбила и всё забыла, Лучше меня не зови, не зови, не зови... Если в сердце любовь ещё не остыла, Нежно меня обними... Обними, обними меня, меня..."
59,Дома не сиди,"Ты осталась дома, ты сидишь одна, Ни друзей, ни подруг, ты никому не нужна. Даже лучший друг больше не придёт, Ты привыкла к тому, что тебе навезет. Только я, дурак, за окном брожу, ""Я тебя люблю,"" - на асфальте пишу, Словно мне опять восемнадцать лет, А от мамы слышу: ""Её дома нет, её дома нет..."" Ты осталась дома, ты сидишь одна, Снова под замком ты наказана. И прощения лучше не просить, Маму строгую не уговорить Только я один в дверь твою звоню, ""Отпустите дочь,"" - маме говорю, И в который раз слышу я в ответ: ""Её дома нет"". Дома не сиди, не сиди одна, Я тебя прошу - не сходи с ума. Я тебя хочу от грусти увести... Мама, отпусти дочку, отпусти Дома не сиди, не сиди одна, Я тебя прошу - не сходи с ума. Я тебя хочу от грусти увести... Мама, отпусти дочку, отпусти Я тебя прошу - рук не опускай, Не ругай судьбу и не унывай, Ведь с тобою мы, лучшие друзья. Завтра ровно в шесть буду у тебя. Также буду я за окном бродить, Также буду я в дверь твою звонить, Попрошу у мамы всё тебе простить, Дочку отпустить… Дома не сиди, не сиди одна, Я тебя прошу - не сходи с ума. Я тебя хочу от грусти увести... Мама, отпусти дочку, отпусти Дома не сиди, не сиди одна, Я тебя прошу - не сходи с ума. Я тебя хочу от грусти увести... Мама, отпусти дочку, отпусти Дома не сиди, не сиди одна, Я тебя прошу - не сходи с ума. Я тебя хочу от грусти увести... Мама, отпусти дочку, отпусти Дома не сиди, не сиди, не сиди. Дома не сиди, не сиди, не сиди."
60,Полечу за тобой,"Ты на прощание мне, Всего лишь пару слов, Успела сказать. Что улетаешь ты, Куда-то далеко, Но будишь очень долго ждать. Не знаю где искать, Куда к тебе бежать, Чтоб расстояние преодолеть. Но неизвестно мне, Куда к тебе лететь, И остается только петь. За своею мечтою, Полечу за тобою, Летая в облаках. Я не встречусь с тобою, И останусь звездою. В твоих нежных, Ласковых глазах. Даже в снег и морозы, Даже в бури и грозы. Будишь помнить ты о том, Что согреет тебя, Мои тёплые слёзы. И прольются проливным дождём. Дождём. Я на прощание, Всего лишь пару слов, Успел сказать. Как я тебя люблю, И в сердце сохраню. Надежду встретиться опять. Взлетает самолёт, И в даль меня несёт, Куда не знаю я. Как много разных стран, Как много городов, Но не найти мне там тебя. За своею мечтою, Полечу за тобою, Летая в облаках. Я не встречусь с тобою, И останусь звездою. В твоих нежных, Ласковых глазах. Даже в снег и морозы, Даже в бури и грозы. Будишь помнить ты о том, Что согреет тебя, Мои тёплые слёзы. И прольются проливным дождём. Дождём."
61,Атаман,"Тихо светит луна. Там вдали за рекою, По широкой тропе Проскакали ковбои. Трое резвых коней, Три ножа, три нагана, Трое смелых друзей, Три лихих мальчугана. Трое слезли с коней, Сапоги потянули, И в открытую дверь Трое смело шагнули. Тихо светит луна. Там вдали за рекою, За широким столом Пировали ковбои. Входит шайка парней - Человек девятнадцать, И ковбоям они Предлагают убраться. Первым встал атаман - Захотел разобраться, И тому, кто не прав, Здесь придётся остаться. Тихо светит луна. Там вдали за рекою, По широкой тропе Проскакали ковбои. Двое резвых коней, Два ножа, два нагана, Двое смелых друзей, Только нет атамана..."
62,Ну где же вы девчонки,"А куда сегодня еду я? А чтоб найти сегодня тебя. А со мной едет лучший друг, Hам хочется найти подруг. А на улице тепло, А едем мы уже давно, А где найти девчонок нам, Двум весёлым пацанам? Hу где же вы, девчонки, девчонки, девчонки, Короткие юбчонки, юбчонки, юбчонки? А, как обидно пацанам. А, что же, что же делать нам? А, где девчонок отыскать, А, чтобы их очаровать? ""Эй!"" - вслед девчонкам я кричу, - ""Эй, садись, девчонки, прокачу!"" - Hо не заметят нас они, И опять в машине мы одни. Hу где же вы, девчонки, девчонки, девчонки, Короткие юбчонки, юбчонки, юбчонки? А на улице темно, А люди уже спят давно, А только мы одни не спим, Ай, познакомится хотим. А нет девчонок - вот беда. А нам уже домой пора, Hо завтра вечером опять Будем мы любовь искать. Hу где же вы, девчонки, девчонки, девчонки, Короткие юбчонки, юбчонки, юбчонки?"
63,Без любви,"Я не могу тебе помочь, Меня ласкай ты - не ласкай. Гони меня скорее прочь, Меня к себе не подпускай. Ты не проси, не умоляй, Любовь закончилась давно. Моим губам не доверяй Они обманут всё равно. Ударь меня, ужаль меня Иглою ревности своей. Что рядом ты, что нет тебя, Мне стало всё равно теперь. Прошу уйди, прошу отстань, Устал с тобой в любовь играть. Прошу, родная, перестань Мне каждый день надоедать. Лучше ты меня прогони, Между нами снова снег и стужа. Лучше я умру без любви, Ну, зачем тебе такой я нужен? Лучше ты меня прогони, Между нами снова снег и стужа. Лучше я умру без любви, Ну, зачем тебе такой я нужен? Я не могу тебе помочь, Меня ласкай ты - не ласкай. Гони меня скорее прочь, Меня к себе не подпускай. Ты не проси, не умоляй, Любовь закончилась давно. Моим губам не доверяй Они обманут всё равно Лучше ты меня прогони, Между нами снова снег и стужа. Лучше я умру без любви, Ну, зачем тебе такой я нужен? Лучше ты меня прогони, Между нами снова снег и стужа. Лучше я умру без любви, Ну, зачем тебе такой я нужен? Лучше ты меня прогони, Между нами снова снег и стужа. Лучше я умру без любви, Ну, зачем тебе такой я нужен? Лучше ты меня прогони, Между нами снова снег и стужа. Лучше я умру без любви, Ну, зачем тебе такой я нужен?"
64,Некрасивая,"Все говорят, ты некрасива И не похожа на других, Пряча глаза, проходишь мимо Одноклассников своих. Слышишь смеются над тобою И обсуждают твой прикид. Знаешь, тебе всего пятнадцать. Время быстро пролетит! Пусть говорят, что ты некрасива, Не красива и не стройна, Пусть говорят, что несчастлива, Несчастливая! Ты их не слушай, их не слушай, Ты им не верь, не верь, не верь, Ведь всё-равно ты будешь лучшей Девушкой моей! Не назначают парни встречи, И не зовут с собой гулять, Это значит, что в этот вечер Будешь плакать ты опять. Пусть слёзы льются, слёзы льются, И пусть по жизни не везёт, Просто тебе всего пятнадцать Скоро всё пройдет! Пусть говорят, что ты некрасива, Не красива и не стройна, Пусть говорят, что несчастлива, Несчастливая! Ты их не слушай, их не слушай, Ты им не верь, не верь, не верь, Ведь всё-равно ты будешь лучшей Девушкой моей!"
65,Пропадаешь зря,"Припев: Я не позвоню, не извинюсь и не помилую Девочку-обманщицу, но все-таки любимую Ты же без меня пропадаешь зря Ла-ла-ла-ла-ла, ла-ла-ла-ла-ла Пропадаешь зря, пропадешь зря! Я не могу тебе ответить, Где я провел вчерашний вечер И почему тебе так долго не звонил. Нет, ты не думай, я хороший, Я не гулял, я не дебошил И о тебе, конечно, тоже не забыл. Припев: Я не позвоню, не извинюсь и не помилую Девочку-обманщицу, но все-таки любимую Ты же без меня пропадаешь зря Ла-ла-ла-ла-ла, ла-ла-ла-ла-ла Пропадаешь! Где же ты и с кем же ты, моя родная, носишься? И к кому, девчоночка моя, на ручки просишься? Ты же без меня пропадаешь зря Ла-ла-ла-ла-ла, ла-ла-ла-ла-ла Пропадаешь зря! Ты одного не понимаешь, Когда другого обнимаешь - Что с ним счастливой ты не будешь никогда. Ты все равно по мне скучаешь, Сама себя ты упрекаешь, За то, что ты не можешь приручить меня. Припев: Ведь я не позвоню, не извинюсь и не помилую Девочку-обманщицу, но все-таки любимую Ты же без меня пропадаешь зря Ла-ла-ла-ла-ла, ла-ла-ла-ла-ла Пропадаешь! Где же ты и с кем же ты, моя родная, носишься? И к кому, девчоночка моя, на ручки просишься? Ты же без меня пропадаешь зря Ла-ла-ла-ла-ла, ла-ла-ла-ла-ла Пропадаешь! Я не позвоню, не извинюсь и не помилую Девочку-обманщицу, но все-таки любимую Ты же без меня пропадаешь зря Ла-ла-ла-ла-ла, ла-ла-ла-ла-ла Пропадаешь! Где же ты и с кем же ты, моя родная, носишься? И к кому, девчоночка моя, на ручки просишься? Ты же без меня пропадаешь зря Ла-ла-ла-ла-ла, ла-ла-ла-ла-ла Пропадаешь зря. Пропадаешь зря..."
66,Не забуду тебя никогда,"Не забуду я тебя никогда И глаза твои полные слёз, Провожала меня ты тогда В тусклом свете серебряных звёзд. Провожала меня ты тогда В тусклом свете серебряных звёзд. Месяц плыл - разве это конец?! Расстаёмся на век мы с тобой, Звёзды наши, как счастья венец, Лунный свет голубой, голубой. Звёзды наши, как счастья венец, Лунный свет голубой, голубой. Может быть ты дождёшься меня Или я до тебя доберусь, Но я верю, что встречу тебя И я в этом тебе поклянусь. Но я верю, что встречу тебя И я в этом тебе поклянусь."
67,Вернись,"Спит ночной проспект, Только лунный свет Провожает меня к дому, Где до боли всё знакомо, Где с тобой встречали мы рассвет. А теперь один в зеркале витрин. Я люблю тебя, как прежде, И ещё горит надежда, Что в душе твоей растает остров льдин. Вернись, вернись ко мне скорей Летней ночью лунной. Без тебя мне трудно, Теплом своим согрей. Вернись, вернись и позабудь Все свои обиды, Жизнь моя разбита! Как мне тебя вернуть?! Снова до утра, Также, как вчера, Часовым стою у окон, Весь до ниточки промок я. Серый дождь всё льет, как из ведра. И, как в сладком сне, Облик твой в окне Я увидел на мгновенье, Как мираж или видение. И про всё забыв, Ты улыбнулась мне. Вернись, вернись ко мне скорей Летней ночью лунной. Без тебя мне трудно, Теплом своим согрей. Вернись, вернись и позабудь Все свои обиды, Жизнь моя разбита! Как мне тебя вернуть?!"
68,Песенка,Что произошло? Сама не понимаю Песенку одну Весь день я напеваю Все мои друзья Поют со мною вместе Может быть и вы Споете эту песню? Ла-ла-ла-ла-ла Весь день я напеваю! Ла-ла-ла-ла-ла Весь день я повторяю! С песенкой такой Ложусь и просыпаюсь И в мотив простой Все больше я влюбляюсь Солнышко блестит И травка зеленеет С песенкой моей Вам станет веселее! Маленький секрет Хранится в этой песне Ла-ла-ла-ла-ла Споем мы с вами вместе И от этих слов Не спрятаться не скрыться Дружно РУКИ ВВЕРХ! И будем веселиться... Что произошло? Сама не понимаю Песенку одну Весь день я напеваю Все мои друзья Поют со мною вместе Может быть и вы Споете эту песню?
69,Маугли,"Маугли, Маугли, Маугли, Маугли, Человеческий детёныш Откуда же он взялся. Маугли! Я буду звать тебя Маугли, Маугли, Маугли, Человеческий детёныш Ну что скажет стая Что ещё скажут в джунгли Это будет славная охота Маугли, Маугли, Ты нарушил закон джунглей Послушай как бьётся сердце. Маугли Послушай как бьётся сердце. Маугли Откуда же он Откуда же он взялся Что ещё скажут в джунгли Посмотрим, что скажет стая В столе совета Что ещё скажут в джунгли, Что еще, что ещё скажут в джунгли, Ты нарушил закон джунглей Маугли, Маугли, Маугли, Маугли, Человеческий детёныш Откуда же он взялся Маугли!"
70,Девчонка,"Когда смотрю в твои глаза, Я забываю обо всем. Пленительная их краса Чарует больше с каждым днем. Я не устану в них смотреть Ни днем, ни ночью, никогда! Меня в любой мороз согреть Твоих глаз может теплота. Девчонка, я любя, Все звезды для тебя, Достану с неба для тебя, девчонка. Как эхо повторю, Сто раз я повторю: ""Тебя одну люблю. Тебя, девчонка."" Когда смотрю в твои глаза, В них птицу счастья я ловлю. И хочется тебе сказать: ""Девчонка, я тебя люблю!"" Все мысли только об одном: Глаза, которых нет родней И не могу признаться в том Тебе я вот уж много дней."
71,Будьте здоровы,"Начинаем очередное занятие аутогенной тренировкой Лицо ваше приняло выражение спящего человека Музыка вам поможет расслабиться, успокоиться Запомните - Водка это яд для души и тела Будьте здоровы! Как только я произнесу слово ""водка"" У вас появится горечь во рту, слюна Запах водки вам противен Водка, водка, водка, водка Вы захотели стать трезвенником Во время застолья вы спокойно смотрите На бутылки с горячительными напитками Вам приятно пить соки, компоты, минеральные воды Вы спокойно уклоняетесь от предложения выпить У вас появилось непреодолимое желание работать на производстве Работать в саду, на огороде, ловить рыбу Заниматься физической культурой и любимыми делами Водка - это яд для души и тела Запомните, запомните, запомните, - Водка это яд для души и тела! Музыка вам поможет ловить рыбу, ловить рыбу Сердце работает ровно, спокойно, ритмично Очередное занятие заканчивается Вы захотели стать трезвенником Будьте здоровы!"
72,Я тебя украду,"Я тебя украду, Я с тобою пропаду. Если милый твой придет, Ох, ему и попадет! Я тебя украду, Я с тобою пропаду. Если милый твой придет, Ох, ему и попадет! А ты сегодня не одна Сидишь спокойно у окна. А я тебя не узнаю И взгляд таинственный ловлю. Зачем ты смотришь на меня, Улыбкою своей маня? Ведь я могу и подойти, Тебя с собою увезти. Я тебя украду, Я с тобою пропаду. Если милый твой придет, Ох, ему и попадет! Я тебя украду, Я с тобою пропаду. Если милый твой придет, Ох, ему и попадет! Я тебя украду, Я с тобою пропаду. Если милый твой придет, Ох, ему и попадет! Я тебя украду, Я с тобою пропаду. Если милый твой придет, Ох, ему и попадет! Не знаю, как мне дальше жить. Тебя любить или забыть? И каждый вечер вспоминать, И твоего решения ждать. Зачем смотрела на меня, Улыбкою своей маня? Зачем к тебе я подошел? Да, лучше б я домой пошел. Я тебя украду, Я с тобою пропаду. Если милый твой придет, Ох, ему и попадет! Я тебя украду, Я с тобою пропаду. Если милый твой придет, Ох, ему и попадет! Я тебя украду, Я с тобою пропаду. Если милый твой придет, Ох, ему и попадет! Я тебя украду, Я с тобою пропаду. Если милый твой придет, Ох, ему и попадет! Я тебя украду, Я с тобою пропаду. Если милый твой придет, Ох, ему и попадет! Я тебя украду, Я с тобою пропаду. Если милый твой придет, Ох, ему и попадет! Я тебя украду, Я с тобою пропаду. Если милый твой придет, Ох, ему и попадет! Я тебя украду, Я с тобою пропаду. Если милый твой придет, Ох, ему и попадет!"
73,Лишь о тебе мечтая,"Мягкий шёлк простыней Мне напомнит нежность руки твоей. Мне не спится опять В эту ночь могу я лишь мечтать. Я без тебя не живу, не пою Лишь о тебе мечтая. Только сейчас начал я понимать, Как мне тебя не хватает. Я не хочу, чтобы видела ты, Как я тихонько плачу. Губы твои вытрут слёзы мои, Я не могу иначе. Что же ты, мой малыш, Всё никак мне это не простишь? То что я далеко, мы не виделись с тобой давно. Я без тебя не живу, не пою Лишь о тебе мечтая. Только сейчас начал я понимать, Как мне тебя не хватает. Я не хочу, чтобы видела ты Как я тихонько плачу. Губы твои вытрут слёзы мои Я не могу иначе. Я без тебя не живу, не пою Лишь о тебе мечтая. Только сейчас начал я понимать, Как мне тебя не хватает. Я не хочу, чтобы видела ты Как я тихонько плачу. Губы твои вытрут слёзы мои Я не могу иначе."
74,Чужие губы,"Ветер шумит негромко, листва шелестит в ответ, Идёт не спеша девчонка, девчонке 16 лет. Но в свои лет 16, много узнала она: В крепких мужских объятьях столько ночей провела. Чужие губы тебя ласкают, чужие губы шепчут тебе, Что ты одна ты одна такая, Чужая стала сама себе. Словно в хмельном тумане кружится голова. Согрета чужими руками, шепчешь бессвязно слова, И понимаешь с грустью, что не любимый с тобой, Боль тебя не отпустит, слёзы текут ручьём. Чужие губы тебя ласкают, чужие губы шепчут тебе, Что ты одна ты одна такая, Чужая стала сама себе. Остановись, послушай, ты же другою была, Стала для них игрушкой, разве не видишь сама?! Считаешь себя королевой, они же смеются в ответ, Вот как любовь теряют в юных 16 лет. Чужие губы тебя ласкают, чужие губы шепчут тебе, Что ты одна ты одна такая, Чужая стала сама себе."
75,Крошка моя,"Крошка моя, я по тебе скучаю. Я от тебя письма не получаю. Ты далеко и даже не скучала, Но я вернусь, вернусь, чтоб ты узнала... Что я далеко, я по тебе скучаю. Я от тебя письма не получаю Ты далеко и даже не скучаешь, Но я вернусь, вернусь, и ты узнаешь, Что я далеко от тебя... Ты обещала написать, обещала рассказать, Как живешь, как тебе там сложно. Ты обещала долго ждать, и страдать, И сгорать от любви, но это не возможно! Нет, нет ни строчки от тебя Ни словечка от тебя, зря поверил я твоим признаниям. Да, может это было зря, может это было зря Ты скажи, что уж за наказание... Крошка моя, я по тебе скучаю. Я от тебя письма не получаю Ты далеко и даже не скучаешь, Но я вернусь, вернусь, и ты узнаешь, Что я далеко от тебя... Что, что еще произошло, столько времени прошло? Ты не едешь, не звонишь, не пишешь. Да, может быть твое письмо затерялось, не дошло. Напиши еще разок, ты слышишь? Все, все отлично у меня, дома ждут меня друзья. Говорят, что ты по мне скучаешь... Вот, вот девчонки, так всегда Ждет солдат от вас письма, а дойдет 100 раз перечитает... Крошка моя, я по тебе скучаю. Я от тебя письма не получаю Ты далеко и даже не скучаешь, Но я вернусь, вернусь, и ты узнаешь, Что я далеко, я по тебе скучаю. Я от тебя письма не получаю. Ты далеко и даже не скучала, Но я вернусь, вернусь, чтоб ты узнала... Что я далеко от тебя..."
76,Вот и расстались,"Видно был тот день Самым ярким днем. И считали мы - Нет конца ему. И смеялись мы, Позабыв о том, Что на свете есть Предел всему, Предел всему. Трудно представить - Все вдруг исчезло без следа! Вот и расстались, вот и расстались навсегда. Вот и расстались, вот и расстались, И возвратить все назад не пытались. Много дней подряд, Очень долгих дней Я твержу себе, Что пройдет гроза. Улыбаюсь я, Только все сильней На лице моем Грустят глаза, Грустят глаза. Трудно представить - Все вдруг исчезло без следа! Вот и расстались, вот и расстались навсегда. Вот и расстались, горькая фраза Знаю, привыкнет к ней сердце не сразу! Трудно представить - Все вдруг исчезло без следа! Вот и расстались, вот и расстались навсегда. Вот и расстались, вот и расстались, И возвратить все назад не пытались. Вот и расстались."
77,Вот увидишь,"До чего ж я невезучий, До чего ж я невезучий Так хотел тебя увидеть и опять не повезло. Чем себя напрасно мучить Я влюблюсь в другую лучше Вот увидишь, вот увидишь я влюблюсь тебе назло... Словно плыл рекой широкой, Словно плыл рекой широкой И на самой середине унесла волна весло От надежды мало проку До чего ж мне одиноко Вот увидишь, вот увидишь я влюблюсь тебе назло... Ты другой уже не станешь, Ты другой уже не станешь Убедить хочу я сердце, в том, что все давно прошло Только сердце не обманешь Даже если повторяешь Вот увидишь, вот увидишь я влюблюсь тебе назло... Вот увидишь, вот увидишь, вот увидишь я влюблюсь тебе назло… До чего ж я невезучий, До чего ж я невезучий Так хотел тебя увидеть и опять не повезло. Чем себя напрасно мучить Я влюблюсь в другую лучше Вот увидишь, вот увидишь я влюблюсь тебе назло... Вот увидишь, вот увидишь, вот увидишь я влюблюсь тебе назло… "
78,Не сыпь мне соль на рану,"Не сыпь мне соль на рану, Не говори навзрыд, Не сыпь мне соль на рану, Она еще болит. Не сыпь мне соль на рану, Не говори навзрыд, Не сыпь мне соль на рану, Она еще болит. Ну почему меня не лечит время, Ведь столько дней прошло с той черной ночи, Когда захлопнув дверь ушла ты в темень, А рана заживать никак не хочет. Зачем звонить, когда почти уснули Воспоминания о минувшей боли. Мы календарь с тобой перевернули, Так дай мне право жить своей судьбою. Припев: Не сыпь мне соль на рану, Не говори навзрыд, Не сыпь мне соль на рану, Она еще болит. Не сыпь мне соль на рану, Не говори навзрыд, Не сыпь мне соль на рану, Она еще болит. Когда-нибудь еще раз позвонишь ты, И я, чтоб мы с тобою стали квиты, Тебе отвечу: Знаешь, третий лишний, Быть может полоснув по ране бритвой. Зачем звонить когда почти уснули Воспоминания о минувшей боли, Мы календарь с тобой перевернули, Так дай мне право жить своей судьбою. Не сыпь мне соль на рану, Не говори навзрыд, Не сыпь мне соль на рану, Она еще болит. Не сыпь мне соль на рану, Не говори навзрыд, Не сыпь мне соль на рану, Она еще болит. Не сыпь мне соль на рану, Не говори навзрыд, Не сыпь мне соль на рану, Она еще болит. Не сыпь мне соль на рану, Не говори навзрыд, Не сыпь мне соль на рану, Она еще болит. Не сыпь мне соль на рану, Не говори навзрыд, Не сыпь мне соль на рану, Она еще болит. Не сыпь мне соль на рану, Не говори навзрыд, Не сыпь мне соль на рану, Она еще болит."
79,Так вот какая ты,"Мог ли я подумать, Что вот так все выйдет, Что в одну минуту Все развеется как дым. Ошибки быть не может, Я сам сегодня видел, Ты шла с другим, Ты шла с другим... Так вот какая ты, А я дарил цветы, А я с ума сходил От этой красоты,- Так вот какая ты, Надежды и мечты Ты подарила И разбила ты! Лишь вчера была ты, Всех на свете ближе. Лишь вчера я верил, Что тобою я любим. Но лишь глаза прикрою И вижу, снова вижу, Как ты с другим идешь, Идешь с другим... Счастлив тот не будет, Кто любовь обидел, Кто смеяться может Так над самым дорогим. И, что не говори ты, Я сам сегодня видел - Ты шла с другим, Ты шла с другим... "
80,Бабушки-старушки,"У подъезда кто сидит целый день обычно И на всех всегда сердит и ворчит привычно, Кто ругает снег за снег, Дождь за дождь ругает И, конечно, лучше всех все на свете знает. Кто к кому когда пришел, кто чего нарушил- Все известно хорошо бабушкам-старушкам, Покачают головой строго и сурово И боится их порой даже участковый. Бабушки, бабушки, бабушки-старушки, Бабушки, бабушки, - ушки на макушке. Бабушки, бабушки, мы вас уважаем. Только как вас понять, мы, увы, не знаем. Бабушки, бабушки, бабушки-старушки, Бабушки, бабушки, - ушки на макушке. Бабушки, бабушки, мы вас уважаем. Только как вас понять, мы, увы, не знаем. Бабушки, бабушки, бабушки-старушки, Бабушки, бабушки, - ушки на макушке. Бабушки, бабушки, мы вас уважаем. Только как вас понять, мы, увы, не знаем."
81,Где же ты была,"Лишь позавчера нас судьба свела А до этих пор где же ты была? Разве ты прийти раньше не могла? Где же ты была, ну где же ты была? Сколько раз цвела летняя заря, Сколько раз весна приходила зря! В звёздах за окном, плыли вечера. А пришла ты лишь позавчера! Сколько дней потеряно! Их вернуть нельзя, их вернуть нельзя! Падала листва и метель мела. Где же ты была? Пусть я твоего имени не знал, Но тебя я звал, днём и ночью звал! И опять меня обступала мгла. Где же ты была, ну где же ты была? Трудно рассказать, как до этих дней Жил на свете я без любви твоей. С кем-то проводил дни и вечера. А нашёл тебя позавчера! Сколько дней потеряно! Их вернуть нельзя! Падала листва и метель мела. Где же ты была? Сколько дней потеряно! Их вернуть нельзя! Падала листва и метель мела. Где же ты была?"
82,Ты мне не снишься,"Ты мне не снишься вот уж неделю Сны пролетают белой метелью Сны пролетают синею птицей В облаке тают как небылицы Ты мне не снишься, я тебе тоже, И ничего мы сделать не можем. Словно чужие стали друг другу И между нами, и между нами белая вьюга Ты мне не снишься, - кто ж тут виною Если ошибку звали любовью. Сами назвали, сами решили Не понимая, что поспешили. Ты мне не снишься, я тебе тоже, И ничего мы сделать не можем. Словно чужие стали друг другу И между нами, и между нами белая вьюга Ты мне не снишься, стало быть ясно Новой не будет старая сказка. Старая песня новой не станет Два сердца вместе петь не заставит."
83,Синий туман,"Пришел туман, постучал в дома, Шалью синею обнял сад. Так уж было раз в предрассветный час, Было несколько лет назад. Пришел туман, свел меня с ума, Обогнать его нету сил. Он растаял сам И на небесах Ночку синюю погасил. Синий туман, Похож на обман, Похож на обман, Синий туман, Синий туман. Синий туман, Похож на обман, Похож на обман, Синий туман, Синий туман. Пришел туман, он как трав дурман, Ох, как кружится голова. Так уж было раз у двоих у нас, Все слова одни, все слова. Пришел туман, постучал в дома, Уходи, туман, уходи! Все давно прошло, На душе светло И печали все позади. Синий туман, Похож на обман, Похож на обман, Синий туман, Синий туман. Синий туман, Похож на обман, Похож на обман, Синий туман, Синий туман. Синий туман, Похож на обман, Похож на обман, Синий туман, Синий туман. Синий туман, Похож на обман, Похож на обман, Синий туман, Синий туман."
84,Я боюсь твоей любви,"Я боюсь твоей любви, То холодной, то горячей. Я боюсь твоей любви, То слепой, то слишком зрячей. Я боюсь твоей любви, Как огня боятся люди. Я боюсь твоей любви И боюсь, что ты разлюбишь. Кто-то зажег опять В небе нашу звезду. Бросилось время вспять, И я к тебе иду. Ты говоришь: Привет!, Что-то в душе тая, И выключаешь свет, Ждешь... ну а я, а я... Я боюсь твоей любви, То холодной, то горячей. Я боюсь твоей любви, То слепой, то слишком зрячей. Я боюсь твоей любви, Как огня боятся люди. Я боюсь твоей любви И боюсь, что ты разлюбишь. Мне не забыть, не сжечь Память тех лучших дней. Только слова, как смерч, Жгут все больней, больней. Вот уже много лет Ты и моя - не моя. Вновь выключаешь свет Ждешь... ну а я, а я, а я... Я боюсь твоей любви, То холодной, то горячей. Я боюсь твоей любви, То слепой, то слишком зрячей. Я боюсь твоей любви, Как огня боятся люди. Я боюсь твоей любви И боюсь, что ты разлюбишь. Я боюсь твоей любви, То холодной, то горячей. Я боюсь твоей любви, То слепой, то слишком зрячей. Я боюсь твоей любви, Как огня боятся люди. Я боюсь твоей любви И боюсь, что ты разлюбишь."
85,Я жду,"Когда любовь иссякнет Не говори прощай мне, Не говори прощай. Когда на сердце камень Ты лишних слов не обещай мне, Не обещай. Я жду Когда вернётся эта ночь Я жду Когда придёт моя любовь Я жду В последний раз забыв мечту Я жду, я жду, я жду. В последний раз прощаясь На веке расставаясь с тобой, С тобой. В последний раз прошу я Всего лишь поцелуя я твой, Ты мой ты мой. Я жду Когда вернётся эта ночь Я жду Когда придёт моя любовь Я жду В последний раз забыв мечту Я жду, я жду, я жду. Я так хочу, чтобы мои мечты Превратились в любовь Все мои сны только о тебе Я жду Мои мечты - это моя любовь, Любовь, которую я подарю только тебе Я жду я жду Когда вернётся эта ночь Я жду я жду Когда придёт моя любовь Я жду В последний раз забыв мечту Я жду, я жду Я жду Когда вернётся эта ночь Я жду Когда придёт моя любовь Я жду В последний раз забыв мечту Я жду я жду я жду Я жду Когда вернётся эта ночь Я жду Когда придёт моя любовь Я жду В последний раз забыв мечту Я жду, я жду, я жду Я жду Когда вернётся эта ночь Я жду я жду Когда придёт моя любовь Я жду В последний раз забыв мечту Я жду, я жду"
86,По кайфу,"Мы знакомы с тобой, День и ночи тобой полны, Со светом твоим меркнет свет солнца и луны. Твои нежные губы, Твой шикарный наряд, И все вокруг лишь на тебя глядят. Ты киска что на надо, Вот ей богу не вру, Но не думай подруга без тебя я не умру. Просто нравишься ты мне, Мне хорошо с тобой, Мне по кайфу, остальное все долой. Мне по кайфу твой взгляд. Мне по кайфу твой стиль. Мне по кайфу твое произношение слов. Я тебе очень рад Все, что хочешь проси Для тебя, кроме шуток, на все я готов. Я точно знаю, Что тебе сейчас нужно. Мои губы, руки - работать будут дружно. Ты забудешь обо всем, Тебе будет атасно, И время с тобой мы проведем прекрасно. Наплевать на то что будет, Не хочу об этом думать. Успокойся, а то я могу ведь передумать, Если хочешь обещания, Но только не сейчас. Мне по кайфу ты, остальное не для нас.  Мне по кайфу твой взгляд. Мне по кайфу твой стиль. Мне по кайфу твое произношение слов. Я тебе очень рад Все, что хочешь проси Для тебя, кроме шуток, на все я готов. Мне по кайфу твой взгляд. Мне по кайфу твой стиль. Мне по кайфу твое произношение слов. Я тебе очень рад Все, что хочешь проси Для тебя, кроме шуток, на все я готов."
87,"1,2,3,4,5","Я не могу оглянуться назад, Боюсь увидеть холодный твой взгляд, Ну почему, так случилось опять, Я не хочу тебя больше терять! Опять один и вокруг пустота, И поглощает меня темнота. Не замечая ни ночи, ни дня Я так хочу найти тебя... Раз, два, три, четыре, пять! Я иду тебя искать, Я иду тебя искать, Не нахожу тебя опять! Раз, два, три, четыре, пять! Я иду тебя искать, Я иду тебя искать, Не нахожу тебя опять! Раз, два, три, четыре, пять! Я иду тебя искать, Я иду тебя искать, Не нахожу тебя опять! Раз, два, три, четыре, пять! Я иду тебя искать, Я иду тебя искать, Не нахожу тебя опять!"
88,Последний поцелуй,"Ты — нежность цветов, Забытая тайна, Я был бы готов С тобой оказаться случайно В том мире, где мы Одни навсегда будем вместе, И словно цветы Дарю я тебе эту песню. Это твой последний поцелуй, Так трудно оторваться, Огонь свечи задуй, И нам пора прощаться. Прости меня за всё! Прости за всё на свете, Как жаль, что нам с тобой Нельзя остаться вместе! О встречах забудь, Забудь поцелуи и ласки, Да, их не вернуть, Всё было похоже на сказку. Твой голос — ручей, Глаза словно омут весенний, Приди поскорей, И я попрошу прощенья. Последний поцелуй Так трудно оторваться, Огонь свечи задуй, И нам пора прощаться. Прости меня за всё! Прости за всё на свете, Как жаль, что нам с тобой Нельзя остаться вместе! Это твой последний поцелуй, Так трудно оторваться, Огонь свечи задуй, И нам пора прощаться. Прости меня за всё! Прости за всё на свете, Как жаль, что нам с тобой Нельзя остаться вместе! Последний поцелуй Так трудно оторваться, Огонь свечи задуй, И нам пора прощаться. Прости меня за всё! Прости за всё на свете, Как жаль, что нам с тобой Нельзя остаться вместе!"
89,Двигай телом,"У меня сейчас одна проблема: Научить тебя двигать телом. И когда тебя научу я - Мы с тобою потанцуем! У меня сейчас одна проблема: Двигай телом! Небо синее, глазки синие Ножки стройные тело- кайф. Я балдею от девчонок Песня быстрая ""its my life"". И ты танцуешь, ты танцуешь Вертишь и крутишь Ты танцуешь, ты танцуешь Вертишь и крутишь А я смотрю как ты танцуешь Глазками рисуешь Губками рисуешь мне воздушный поцелуй Ножками ты крутишь , воду баламутишь Ой, подружка попадешься Попадешься не вернешься! Эй ты, давай, ну двигай своим телом, Эй ты, давай... Двигай-двигай своим телом! Эй, послушай меня сегодня Я хочу, чтобы этой ночью Говори, что устала очень Все равно танцевать захочешь! Почему ты такая не смелая Не владеешь своим ты телом Повернулась ко мне спиною Эй, послушай не играй со мною! Эй ты, давай, ну двигай своим телом, Эй ты, давай... Двигай-двигай своим телом!"
90,История любви,"Возьми телефон, и мне позвони тогда, Когда у тебя, обида пройдет на меня, о-о-о, Ты снова молчишь, и трудно тебе сказать, Ты так далеко, ты хочешь вернуть всё опять... Признаться хочу, я парень совсем простой, При встрече молчу, и мне хорошо лишь с тобой, о-о-о, Занят номер твой, я слышу гудки в ответ, Разбей телефон, терпения больше нет."
91,Здравствуй,"Здравствуй, Ты плачешь снова, значит для тебя, Что-то значу я, но вернуть тебя нельзя. Легким ветром снова Унесет с собой нежный запах твой И все твои слова. Как жить без тебя? Как верить в то, что время стерло все мечты? И это всё ушло, И стерло все следы. Ну где-же ты? Позови меня, не гони меня, Где бы не был я, Ты найди, найди меня, И Бог хранит одну, Одну тебя. Обними меня, Расскажи, как ты жила, Что ты больше не могла, Без меня, прожить ни дня, ни дня. Здравствуй, Я знаю без тебя не прожить и дня, И тоскую я, но вернуть тебя нельзя. Сколько можно снова видеть свет в окне И мечтать во сне, думать только о тебе. Позови меня, не гони меня, Где бы не был я, Ты найди, найди меня, И Бог хранит одну, Одну тебя. Обними меня, Расскажи, как ты жила, Что ты больше не могла, Без меня, прожить ни дня, ни дня."
92,Студент,"Мы двое с тобой, мы не разлей вода, У нас два разных пути и разная судьба. А ты простой студент, а я простой пацан, И все завидуют нам, таким простым друзьям. Но как-то вышло так, что стал я замечать, Что к девушке моей ты начал приезжать, Ты звонишь ей домой, когда меня рядом нет, Скажи мне ДА или НЕТ, и дай мне свой ответ. Ну где же ты студент игрушку новую нашёл? Не думал, не гадал, а девочку мою увёл. Ну что же ты студент меня никак ты не поймёшь, Гуляй, студент, гуляй, а девочку мою не трожь! И что же делать мне, ты ходишь по пятам, И продаешь любовь уже моим друзьям, И думаешь, что я не знаю ничего, Игрушкой стала ты навеки для него. Последний раз прошу, подумай хорошо, Тем лучше для тебя и друга твоего, Ведь он простой студент, и хочет погулять, И друга мне совсем не хочется терять. Ну где же ты студент игрушку новую нашёл? Не думал, не гадал, а девочку мою увёл. Ну что же ты студент меня никак ты не поймёшь, Гуляй, студент, гуляй, а девочку мою не трожь! Ну где же ты студент игрушку новую нашёл? Не думал, не гадал, а девочку мою увёл. Ну что же ты студент меня никак ты не поймёшь, Гуляй, студент, гуляй, а девочку мою не трожь! Ну что же я тебя, студент, совсем не узнаю, Зачем ты прячешь от меня девчоночку мою, И что же ты, студент, меня никак ты не поймёшь, Гуляй, студент, гуляй, но девочку мою не трожь!"
93,Малыш,"Песенка про меня, да, А я играю, а я танцую и песенки пою, Песенка про меня, Я хороший мальчик, Я люблю слушать музыку, да. Песенка про меня, Я хороший мальчик. Припев: Ля-ля-ля-ля-ля Ля-ля-ля-ля-ля Ля-ля-ля-ля-ля Ля-ля-ля-ля-ля Ля-ля-ля-ля-ля Ля-ля-ля-ля-ля У меня подружка Даша, Мы с ней играем, Я её люблю, я её люблю, Я ещё люблю мороженое, Я люблю слушать музыку, Слушайте руки вверх! Слушайте руки вверх! Давай давай. Припев: Ля-ля-ля-ля-ля Ля-ля-ля-ля-ля Ля-ля-ля-ля-ля Ля-ля-ля-ля-ля Ля-ля-ля-ля-ля Хорошая песенка. Ля-ля-ля-ля-ля Ля-ля-ля-ля-ля Ля-ля-ля-ля-ля Ля-ля-ля-ля-ля Давайте танцевать, Давайте танцевать, Давай давай, Ля-ля-ля-ля-ля Ля-ля-ля-ля-ля Ля-ля-ля-ля-ля Руки вверх, штаны на верх, Руки вверх, давай давай. Какая хорошая песенка. Припев: Ля-ля-ля-ля-ля Ля-ля-ля-ля-ля Ля-ля-ля-ля-ля Я хороший мальчик, Мне пора спать, Мне пора спать, Папа сказал идти спать, да. "
94,Доброе утро,"Начинаем занятие гимнастикой с ходьбы на месте, Приготовьтесь, вдохните, шагом марш, Раз, два, три, четыре, раз, два, три, четыре, Руки вверх, раз, поворот! два, Наклон, три, выпрямиться, четыре. Ещё попробуйте! раз, два, три, четыре. Теперь под музыку. Второе упражнение: подтягивание. Сделайте левой ногой шаг вперед, И поднимите руки в сторону вверх, Подтянитесь, Раз, два, три, четыре. Руки вверх, поворот, наклон Выпрямиться, раз, два, три, четыре, Раз, два, раз, два, раз, два, три, четыре, Раз, два, три, четыре, еще попробуйте, Руки вверх, руки вверх, руки вверх, Руки вверх, руки вверх, руки вверх, Ещё раз, ещё раз, ещё раз, Ещё раз, ещё раз, ещё раз, Ещё раз, ещё раз, Еще попробуйте, бегом марш. Дышите равномерно, Дышите, дышите, дышите, Дышите, дышите, дышите, Выдохните. Ещё раз поднять обе ноги, хлопок, Ещё раз поднять обе ноги, хлопок, Ещё раз, ещё раз, ещё раз, ещё раз, Ещё раз поднять обе ноги хлопок, Дышите равномерно, дышите равномерно, Руки вверх, руки вверх, руки вверх, Теперь под музыку. Раз, два, три, наши занятия окончены, Теперь проделайте водные процедуры, Оптирание, обливание, или примите душ, А затем энергично разотрите тело сухим полотенцем."
