0,EHto leto v stile samba My tancuem v ritme mambo Sdelaj vsyo kak ty hotela Dvigaj-dvigaj svoim telom EHto leto v stile samba My tancuem v ritme mambo Ty uzhe davno vspotela Dvigaj-dvigaj svoim telom EHto leto v stile samba My tancuem v ritme mambo Sdelaj vsyo kak ty hotela Dvigaj-dvigaj svoim telom EHto leto v stile samba My tancuem v ritme mambo Ty uzhe davno vspotela Dvigaj-dvigaj svoim telom EHto leto v stile samba My tancuem v ritme mambo Sdelaj vsyo kak ty hotela Dvigaj-dvigaj svoim telom EHto leto v stile samba My tancuem v ritme mambo Ty uzhe davno vspotela Dvigaj-dvigaj svoim telom EHto leto v stile samba My tancuem v ritme mambo Sdelaj vsyo kak ty hotela Dvigaj-dvigaj svoim telom EHto leto v stile samba My tancuem v ritme mambo Ty uzhe davno vspotela Dvigaj-dvigaj svoim telom EHto leto v stile samba My tancuem v ritme mambo Ty uzhe davno vspotela Dvigaj-dvigaj svoim telom EHto leto v stile samba My tancuem v ritme mambo Sdelaj vsyo kak ty hotela Dvigaj-dvigaj svoim telom EHto leto v stile samba My tancuem v ritme mambo Sdelaj vsyo kak ty hotela Dvigaj-dvigaj svoim telom EHto leto v stile samba My tancuem v ritme mambo Ty uzhe davno vspotela Dvigaj-dvigaj svoim telom
1,"Zachem zhe my rasstalis', my rasstalis' I vozvratit' ljubov' ne pytalis'? I vse zhe my rasstalis', my rasstalis', my rasstalis'. S toboju my rasstalis', my rasstalis' I tak teplo s toboj poproszalis'. Odni s toboj ostalis', my ostalis', my ostalis'. My vchera s toboj vstretilis' sluchajno, Celyj god proshel posle rasstavan'ja. Zamechaju ja - ty tak izmenilas', V zhizni u tebja chto-to ne slozhilos'. I glaza v glaza smotrim my pechal'no, Vspominaem my pervye svidan'ja. Uneslo ljubov' oblakami belymi, CHto zhe my nadelali?! Zachem zhe my rasstalis', my rasstalis' I vozvratit' ljubov' ne pytalis'? I vse zhe my rasstalis', my rasstalis', my rasstalis'. S toboju my rasstalis', my rasstalis' I tak teplo s toboj poproszalis'. Odni s toboj ostalis', my ostalis', my ostalis'. Opusteli ulicy, ne gorjat ogni, Na prospekte Lenina my stoim odni. Ne hochu tebja ja ostavljat' odnu, Pochemu ty plachesh'?, plakat' ni k chemu. So szeki ladoshkoj vytiraesh' slezy, Govorish': Serezha, ehto ne ser'ezno. Uneslo ljubov' oblakami belymi. CHto zhe my nadelali?! Zachem zhe my rasstalis', my rasstalis' I vozvratit' ljubov' ne pytalis'? I vse zhe my rasstalis', my rasstalis', my rasstalis'. S toboju my rasstalis', my rasstalis' I tak teplo s toboj poproszalis'."
2,"A devochki tancujut, u devchonok vyhodnoj Plat'e novoe nadeli, vzjali mal'chikov s soboj Budut snova veselit'sja, budut snova tancevat' Do svidan'ja mama s papoj, my idyom ljubov' iskat' A v kolhoze vecherom delat' bylo nechego Sobralis' my vecherom za odnim stolom Parni vse otlichnye, pacany prilichnye Vot sidim-skuchaem, my devchonok zhdyom A devochki-krasavicy v gorod sobirajutsja Tancy v nashem sel'skom klube – ehto ne dlja nih Ah, kakie modnicy devochki-kolhoznicy CHem zhe nashi diskotehki huzhe gorodskih ? Devochki tancujut, u devchonok vyhodnoj Plat'e novoe nadeli, vzjali mal'chikov s soboj Budut snova veselit'sja, budut snova tancevat' Do svidan'ja mama s papoj, my idyom ljubov' iskat' A v kolhoze vecherom delat' bylo nechego V gorod za devchonkami soberemsja my Devochki-krasavicy v gorodskih vljubljajutsja CHem zhe vam ne nravjatsja nashi pacany Skoro, ochen' skoro my priedem v gorod Zaberem svoih devchonok na glazah u vseh Sobirajtes', modnicy, devochki-kolhoznicy Dazhe v nashem sel'skom klube krutjat “Ruki Vverh” Devochki tancujut, u devchonok vyhodnoj Plat'e novoe nadeli, vzjali mal'chikov s soboj Budut snova veselit'sja, budut snova tancevat' Do svidan'ja mama s papoj… Devochki tancujut, u devchonok vyhodnoj Plat'e novoe nadeli, vzjali mal'chikov s soboj Budut snova veselit'sja, budut snova tancevat' Do svidan'ja mama s papoj, my idyom ljubov' iskat' Devochki tancujut Plat'e novoe nadeli Budut snova veselit'sja Do svidan'ja mama s papoj, my idyom ljubov' iskat' Devochki tancujut, u devchonok vyhodnoj Plat'e novoe nadeli, vzjali mal'chikov s soboj Budut snova veselit'sja, budut snova tancevat' Do svidan'ja mama s papoj, my idyom ljubov' iskat'"
3,Tebja ja zametil za stojkoj bufeta K tebe podoshel ja pardon kak dela A ty poprosila odnu sigaretu Skazala svobodno nalejte vina Ved' ty zh institutka i feja iz bara I krasnaja r-r-roza letuchaja mysh' Vino i muzhchiny tvoja atmosfehra I kazhduju noch' tebe snitsja Parizh A v orkestre igrala gitara i skripka S toboj tancevali a-tango do utra Vy mne prosheptali dostatochno viski JA za celuju noch' op'janet' ne smogla Ved' ja institutka ja feja iz bara JA krasnaja roza letuchaja mysh' Vino i muzhchiny moja atmosfehra I kazhduju noch' mne snitsja Parizh Ved' ty zh institutka i feja iz bara Ty krasnaja roza letuchaja mysh' Vino i muzhchiny tvoja atmosfehra I kazhduju noch' tebe snitsja Parizh Tebe snitsja Parizh
4,"Proshepchu laskovo - Daj sud'bu tvoju sdelat' skazkoju! Rascvesti beloj rozoju, Byt' s toboju dozhdjami i grozami. Uletet' v kraj nezemnoj. Schast'e razdelit' na dvoih s toboj. Kak zhe tak poluchaetsja? Pochemu v tebja vse vljubljajutsja? Ne bol'no, ne bol'no, ne bol'no padat' vniz! JA umoljaju, ja krichu - Ko mne vernis'! Na volju, na volju, na volju, na volju stai ptic! No bol'no, no bol'no! Bez kryl'ev tak bol'no mne padat' vniz... Proshepchu laskovo - S kem, kak ne so mnoj, budesh' schastliva? S kem esze podelish'sja bedami? Vstretish' s kem zakaty s rassvetami? JA proshu, ty pojmi! Bez tebja ne zhit'... Bez tvoej ljubvi... Kak zhe tak poluchaetsja? Nu pochemu v tebja vse vljubljajutsja? Ne bol'no, ne bol'no, ne bol'no padat' vniz! JA umoljaju, ja krichu - Ko mne vernis'! Na volju, na volju, na volju, na volju stai ptic! No bol'no, no bol'no! Bez kryl'ev tak bol'no mne padat' vniz..."
5,"Proshu, ne molchi, skazhi mne opjat', CHto budesh' menja iz armii zhdat'. Pust' pis'ma letjat, v nih strochki ljubvi dlja tebja Kazhdyj raz... Proshu, ne molchi, skazhi mne opjat', CHto budesh' menja iz armii zhdat'. Pust' pis'ma letjat, v nih strochki ljubvi dlja tebja. Slozhno tebja zabyt', CHuvstva moi ne skryt'. Guby kusaju v krov'. Mozhet byt' ehto ljubov'. Celyh dva goda zhdat' I bez tebja zasypat'. Na rasstojan'i ljubit' Ved' tak slozhno... Foto tvoyo hranju, Verju, nadejus', ljublju. Guby kusaju v krov'. JA sohranju ljubov'. Pomnit tebja soldat I vozvratitsja nazad. Mne bez tebja odnoj ZHit' tak slozhno... Proshu, ne molchi, skazhi mne opjat', CHto budesh' menja iz armii zhdat'. Pust' pis'ma letjat, v nih strochki ljubvi dlja tebja Kazhdyj raz... I snova Proshu, ne molchi, skazhi mne opjat', CHto budesh' menja iz armii zhdat'. Pust' pis'ma letjat, v nih strochki ljubvi dlja tebja. Snitsja, chto my vdvoyom. No po trevoge pod#em, Utrennij marsh-brosok. Gory, zhara, pesok. Celyh dva goda zhdat' I bez tebja zasypat'. Na rasstojan'i ljubit' Ved' tak slozhno... Pis'ma k tebe letjat. V gory idyot otrjad. Snova idyom na risk. Tol'ko menja dozhdis'. Pomnit tebja soldat I vozvratitsja nazad. Mne bez tebja odnoj ZHit' tak slozhno... Proshu, ne molchi, skazhi mne opjat', CHto budesh' menja iz armii zhdat'. Pust' pis'ma letjat, v nih strochki ljubvi dlja tebja Kazhdyj raz... Proshu, ne molchi, skazhi mne opjat', CHto budesh' menja iz armii zhdat'. Pust' pis'ma letjat, v nih strochki ljubvi dlja tebja Kazhdyj raz..."
6,"V tyomnoj komnate otelja tiho, kak vsegda, Ne usnyosh' v chuzhoj posteli — budesh' zhdat' menja Do utra, do utra... V tyomnoj komnate otelja tol'ko ty i ja, Prinesite dva koktejlja v nomer dvadcat' dva, Kak vsegda, dvadcat' dva... Zimnej skazkoj, Prosto zdravstvuj, malysh, CHto molchish'? Tol'ko s rejsa, Sjad', pogrejsja, malysh, Ved' s utra ty opjat' uletish', uletish'... V tyomnoj komnate otelja tiho, kak vsegda, Ne usnyosh' v chuzhoj posteli — budesh' zhdat' menja Do utra, do utra... V tyomnoj komnate otelja tol'ko ty i ja, Prinesite dva koktejlja v nomer dvadcat' dva, Kak vsegda, dvadcat' dva... Stihli zvuki, Greesh' ruki, U ognja ty i ja, Kak zhe grustno —  Propast' v chuvstvah, malysh, No ko mne ty opjat' priletish', priletish' V tyomnoj komnate otelja tiho, kak vsegda, Ne usnyosh' v chuzhoj posteli — budesh' zhdat' menja Do utra, do utra... V tyomnoj komnate otelja tol'ko ty i ja, Prinesite dva koktejlja v nomer dvadcat' dva, Kak vsegda, dvadcat' dva..."
7,"My s toboj v odnoj kvartire, Ljagte na pol tri-chetyre Nachinaem medlenno dvizhen'e. Gromche muzyku vkljuchaem I vse vmeste nachinaem EHto neprostoe uprazhnen'e EHni-Beni, ljuki-paki, Tjul'-bul'-bul', kaljaki-shmaki EHus-deus, kisloteus, ehj-yo. EHni-Beni, ljuki-paki, Tjul'-bul'-bul', kaljaki-shmaki EHus-deus, kisloteus, ehj-yo. My s toboj v odnoj kvartire, Sjad'te na pol tri-chetyre Otozhmemsja 10 raz ot pola Holodil'nik zakryvaem Lishnij ves ne nabiraem Ty zhe dolzhen stat' zvezdoj tancpola EHni-Beni, ljuki-paki, Tjul'-bul'-bul', kaljaki-shmaki EHus-deus, kisloteus, ehj-yo. EHni-Beni, ljuki-paki, Tjul'-bul'-bul', kaljaki-shmaki EHus-deus, kisloteus, ehj-yo. My s toboj v odnoj kvartire, Vse sbezhalis' tri-chetyre Tjazhela sud'ba zvezdy tancpola V obszem, govorja po-russki, Kto ne vyderzhal nagruzki Zapishites' v sekciju futbola EHni-Beni, ljuki-paki, Tjul'-bul'-bul', kaljaki-shmaki EHus-deus, kisloteus, ehj-yo. EHni-Beni, ljuki-paki, Tjul'-bul'-bul', kaljaki-shmaki EHus-deus, kisloteus, ehj-yo."
8,"Kurtki kozhany, dzhinsy rvanye, Parni krepkie, parni bravye Pivo v banochkah, zhut' kompanija Vse fanaty na gruppy «Arija» Vot podhodit k nam paren' s raciej Pred#javite na registraciju My zhe rokery, my iz Pitera Vy ne zlite nas, na idite na Kurtki kozhany, majki rvanye, Kto to trezvyj na, kto-to p'janyj na Na koncerte my otryvaemsja Blizhe k scene my proryvaemsja Pripirajutsja k nam sek'juriti CHto vy v zritel'nom zale kurite My zhe rokery, my zhe stali na Vse, idite na, vse dostali na Kurtki kozhany, dzhinsy rvanye, Gde Katjuha ty propadala na JA na lavochke s mestnym bajkerom Obmenjalasja rvanoj majkoju Poznakomilas', kstati, s mal'chikom Von na scene on – barabanszik na JA mozgi emu dolgo parila My zhe rokery, my s Urala na Kurtki novye, dzhinsy kleevye CHto ne pesnja na - to hitovaja CHto, narod-to tam sobiraetsja? Potihonechku napivaetsja. Peredajte tam osvetitelju, CHto my russkie ACDC na Vse, poslednij raz nalivaem. Vse na scenu na, vse labaem na."
9,"Natasha, Natasha Ty moyo serdce i dusha Natasha, Natasha Kak v nebe solnce mne nuzhna Natasha, Natasha Nu do chego zh ty horosha Natasha, Natasha... Natasha, Natasha Ty moyo serdce i dusha Natasha, Natasha Kak v nebe solnce mne nuzhna Natasha, Natasha Nu do chego zh ty horosha Natasha, Natasha... Ty ne edesh', ty ne edesh' V nash krasivyj kraj JA skuchaju, ja skuchaju Poskoree priezzhaj JA nakroju, ja nakroju Svoj bogatyj stol I ja schastliv, i ja schastliv CHto tebja nashyol Natasha, Natasha Ty moyo serdce i dusha Natasha, Natasha Kak v nebe solnce mne nuzhna Natasha, Natasha Nu do chego zh ty horosha Natasha, Natasha... Gde-to daleko-dalyoko Tam, gde holoda ZHdyot menja moja Natasha ZHdyot menja moja zvezda JA ljublju tebja, Natasha Ty tak chasto snish'sja mne JA skuchaju, ja skuchaju Priezzhaj skorej ko mne Natasha, Natasha Ty moyo serdce i dusha Natasha, Natasha Kak v nebe solnce mne nuzhna Natasha, Natasha Nu do chego zh ty horosha Natasha, Natasha... Natasha, Natasha Ty moyo serdce i dusha Natasha, Natasha Kak v nebe solnce mne nuzhna Natasha, Natasha Nu do chego zh ty horosha Natasha, Natasha..."
10,"Na menja ty ne serdis' na-na-na... Uhodit' ne toropis' na-na-na... Na sekundu zaderzhis' na-na-na... Mne s toboju zae**s' na-na-na... Ne govori net, ne govori da JA poterjat' tebja bojus' navsegda Ty tak nuzhna, devchonka, mne S tatuirovkoju na nezhnom pleche Znakomy my tol'ko pjat' minut A ty molchish' - skryvaesh' kak tebja zovut Vsju zhizn' iskal - i vot nashel Devchonku tu, s kotoroj mne horosho Na menja ty ne serdis' na-na-na... Uhodit' ne toropis' na-na-na... Na sekundu zaderzhis' na-na-na... Mne s toboju zae**s' na-na-na... Na-na-na... Ne govori net, ne govori da Vljubilsja kak mal'chishka ja v tvoi glaza CHitaju v nih takoj prostoj otvet So mnoj obszat'sja u tebja zhelan'ja net JA ne hochu tebja terjat' Ljubov' moju smogu tebe ja dokazat' I ni na shag ne otojdu JA celyh pjat' minut tebja uzhe ljublju Na menja ty ne serdis' na-na-na... Uhodit' ne toropis' na-na-na... Na sekundu zaderzhis' na-na-na... Mne s toboju zae**s' na-na-na..."
11,"Razve mozhno razljubit' Serdcu pravdy ne otkryt' Nashi dni i vechera Bylo vsyo eszyo vchera Pripev: Ne zabudu, ne zabudu ehtot tihij tyoplyj maj Nashu pervuju minutu i poslednee proszaj Ne zabudu, ne zabudu vsyo kak prizrak, vsyo kak bred List'ja v matovyh allejah, shelestit eszyo rassvet, rassvet Vsyo, chto bylo ne vernut' I v glaza ne zagljanut' Ruhnul zamok iz peska No prostit nam vsyo vesna Pripev: Ne zabudu, ne zabudu ehtot tihij tyoplyj maj Nashu pervuju minutu i poslednee proszaj Ne zabudu, ne zabudu vsyo kak prizrak, vsyo kak bred List'ja v matovyh allejah, shelestit eszyo rassvet Ne zabudu, ne zabudu ehtot tihij tyoplyj maj Nashu pervuju minutu i poslednee proszaj Ne zabudu, ne zabudu vsyo kak prizrak, vsyo kak bred List'ja v matovyh allejah, shelestit eszyo rassvet, rassvet"
12,"Katja ela bulku, Vasja pil vino A potom vse vmeste my poshli v kino Tam Katja ela bulku, Vasja pil kon'jak Fil'm my posmotreli i poshli v kabak Tam Katja ela bulku, Vasja pil Burbon I v KPZ segodnja zabral nas vseh OMON Tam Katju bili bulkoj, a Vasju prosto tak Spasibo vam bol'shoe tovarisz lejtenant Sasha zharil kashu, Misha pomogal Igorek Natashe parovozik dal Kolja trogal Olju, Roma slushal rok A Andrjuha ryzhij bol'she pit' ne mog A gde zhe nasha Katja sprashivajut vse Doedaet bulku sidja na kryl'ce Katja ela bulku, bulka ela Katju Vas gruzit' rebjata mne, pozhaluj, hvatit"
13,"JA tebja vezde najdu Tak i znaj tak i znaj Ot menja ty ubegaj ubegaj ubegaj JA tebja vezde najdu Tak i znaj tak i znaj Ot menja ty ubegaj ubegaj ubegaj Ot menja. JA tebja vezde najdu Tak i znaj tak i znaj Ot menja ty ubegaj ubegaj ubegaj JA tebja vezde najdu Tak i znaj tak i znaj Ot menja ty ubegaj ubegaj ubegaj Ot menja. Pomnish' teplyj dozhd' Nezhnye priznan'ja tvoi I brosalo v drozh' Ot tvoej bezumnoj ljubvi. ZHal', chto ehto vse Lish' igra byla dlja tebja Snjav s ruki kol'co Ubezhala ty ot menja. JA tebja vezde najdu Tak i znaj tak i znaj Ot menja ty ubegaj ubegaj ubegaj JA tebja vezde najdu Tak i znaj tak i znaj Ot menja ty ubegaj ubegaj ubegaj Ot menja. Ty ne ponjala CHto nel'zja ljubov' v mig ubit' Razve ne mogla Po - drugomu ty postupit'. CHtozhe mne skazat' Ob#javlju tebe ja vojnu Mozhesh' ubegat' Vse ravno tebja dogonju. JA tebja vezde najdu Tak i znaj tak i znaj Ot menja ty ubegaj ubegaj ubegaj JA tebja vezde najdu Tak i znaj tak i znaj Ot menja ty ubegaj ubegaj ubegaj"
14,"A ja nabiraju nomer Hochu vstretit'sja s toboju No ty govorish', chto zanjata A ja slushat' ne zhelaju A ja, ja tak ne igraju Malysh prosto pozhalej menja CHto zhe ty opjat' prohodish' mimo Mne tvoja ljubov' neobhodima Mne tak horosho s toboju rjadom, tak i znaj Govorish' opjat' odno i tozhe No v svoih slovah ty ostorozhna I skazat' ljublju, ty mne ne mozhesh', ochen' zhal' A ja nabiraju nomer Hochu vstretit'sja s toboju No ty govorish', chto zanjata A ja slushat' ne zhelaju A ja, ja tak ne igraju Malysh prosto pozhalej menja CHto zhe ty opjat' prohodish' mimo Ty kak motylek neulovima Na ogon' letish', a ja sgoraju ot ljubvi Nomer tvoj opjat' ja nabiraju JA tebja proshu ja umoljaju Daj mne svoj otvet da ili net, no ne molchi A ja nabiraju nomer Hochu vstretit'sja s toboju No ty govorish', chto zanjata 3 raza A ja slushat' ne zhelaju A ja, ja tak ne igraju Malysh prosto pozhalej menja"
15,"Opjat' svetjat zvyozdy mne po puti. Opjat' v ehtot vecher, sidish' ty vzaperti. Opjat' ja toskuju tol'ko po tebe. Ty jarkaja zvezda v moej sud'be. Nochnye magistrali manili nas s toboj. I v dal' nas zazyvali, chto ne bylo igroj. I s grust'ju my brodili, po tyomnym mostovym, Prohozhim ulybalis' i ulochkam nochnym. Pripev: JA budu zhdat' tebja vsju noch', Puskaj pechal' uhodit proch'. A ty v okoshko posmotri I shyopotom progovori: JA budu zhdat' tebja vsju noch', Puskaj pechal' uhodit proch'. A ty v okoshko posmotri I shyopotom progovori JA budu zhdat'... S toboju ja proszalsja, noch'ju pri lune. S toboju celovalsja i schastliv byl vpolne. No gody proleteli kak budto poezda, Ostalas' v nebe jarkaja zvezda. JA budu zhdat' tebja vsju noch', Puskaj pechal' uhodit proch'. A ty v okoshko posmotri I shyopotom progovori: JA budu zhdat' tebja vsju noch', Puskaj pechal' uhodit proch'. A ty v okoshko posmotri I shyopotom progovori: JA budu zhdat' tebja vsju noch', Puskaj pechal' uhodit proch'. A ty v okoshko posmotri I shyopotom progovori: JA budu zhdat' tebja vsju noch', Puskaj pechal' uhodit proch'. A ty v okoshko posmotri I shyopotom progovori:"
16,"Vse ego ljubili, a potom zabyli, Na zemle ostalsja on odin, I idet po sklonam, Po trave zelenoj CHelovek, vljublennyj v Sahalin. I idet po sklonam, Po trave zelenoj CHelovek, vljublennyj v Sahalin. Poklonivshis' milym dorogim mogilam, Na zemle chuzhoj on bludnyj syn, Pust' v dushe nenast'e, No vse zhe verit v schast'e CHelovek, vljublennyj v Sahalin. Pust' v dushe nenast'e, No vse zhe verit v schast'e CHelovek, vljublennyj v Sahalin. Kolesil po svetu v poiskah otveta, No otvet nashel vsego odin, Ponjal on, chto vse zhe Rodina dorozhe, CHelovek, vljublennyj v Sahalin. Ponjal on, chto vse zhe Rodina dorozhe, CHelovek, vljublennyj v Sahalin. On nashel svoj dvorik v gorodke u morja I bez vsjakih vidimyh prichin, Rastrevozhiv pamjat', Nachal tiho plakat' CHelovek, vljublennyj v Sahalin. Rastrevozhiv pamjat', Nachal tiho plakat' CHelovek, vljublennyj v Sahalin. Vse ego ljubili, a potom zabyli, Na zemle ostalsja on odin, I idet po sklonam, Po trave zelenoj CHelovek, vljublennyj v Sahalin. I idet po sklonam, Po trave zelenoj CHelovek, vljublennyj v Sahalin. CHelovek, vljublennyj v Sahalin."
17,"Hochesh' ja tebe chto-to pokazhu Nikomu ob ehtom ja ne rasskazhu EHto ljubjat vse devchonki na zemle EHto ved' vsego lish' morozhenoe Pripev: Lja-lja-lja-lja-lja 8 raz Mozhno ja s toboj rjadom posizhu Mozhno ja tebe svoju druzhbu predlozhu ""My zhe ne odni"", - shepchesh' mne v otvet Ot druzej u nas sekretov net Pripev: Lja-lja-lja-lja-lja 24 raz V gosti ne zovesh' ty svoih podrug Tak ne postupaet nastojaszij drug Pozovyom ih vseh i pojdyom ko mne Mul'tiki posmotrim na vidike Pripev: Lja-lja-lja-lja-lja 8 raz JA vam pokazal malen'kij primer Takzhe postupil by kazhdyj pioner Pesenki motiv budem napevat' Kazhdyj dolzhen drugu pomogat'"
18,"Sdelat' tebja vzrosloj – ehto ochen' prosto EHto ochen' prosto i ty ne zadavaj mne Glupye voprosy, ne pomogut slezy Ne pomogut slezy. Uhodi, proszaj Po nemu s uma shodila Vernost' lish' emu hranila I bilet kupila v pervyj rjad V ritme beshenom tancuja Ty krichala, chto mogu ja Vse chto hochesh' sdelat' dlja tebja Sdelat' tebja vzrosloj – ehto ochen' prosto EHto ochen' prosto i ty ne zadavaj mne Glupye voprosy, ne pomogut slezy Ne pomogut slezy. Uhodi, proszaj On na pis'ma ne otvetit Tvoi slezy ne zametit I s toboj emu ne po puti Zrja ty po nemu skuchaesh' Povzrosleesh' i uznaesh' Ne byvaet schast'ja bez ljubvi Sdelat' tebja vzrosloj – ehto ochen' prosto EHto ochen' prosto i ty ne zadavaj mne Glupye voprosy, ne pomogut slezy Ne pomogut slezy. Uhodi, proszaj"
19,"Zval tebja rusalkoj nezhnoj, Laskovoj, sineglazoju. I v glazah tvoih tonul Tak chasto ja, Tak chasto ja. Pochemu, skazhi, u nas Vsyo raskleilos', razvejalos' I na chto, malysh, s toboj My nadejalis'. Milaja moja, milaja, Ne bylo li schast'ja, Bylo li.Serdcu moemu Pusto bez tebja, Znaj, chto mne nuzhna Tol'ko ty odna. V celom mire dlja menja Net tebja milej, Tebja nezhnej. Bez tebja ne zhit' mne, Bez ljubvi tvoej, Bez ljubvi tvoej. Krasotoj tvoeju ocharovan ja, Okoldovan ja, Bud' vsegda so mnoju, Moja milaja. Milaja moja, milaja, Ne bylo li schast'ja, Bylo li. Serdcu moemu Pusto bez tebja, Znaj, chto mne nuzhna Tol'ko ty odna. Milaja moja, nezhnaja, Ty prosti mne vse oshibki Prezhnie. Serdcu moemu Grustno bez tebja, Znaj, chto mne nuzhna Tol'ko ty odna. Milaja moja, milaja, Ne bylo li schast'ja, Bylo li. Serdcu moemu Pusto bez tebja, Znaj, chto mne nuzhna Tol'ko ty odna. Milaja moja, nezhnaja, Ty prosti mne vse oshibki Prezhnie. Serdcu moemu Pusto bez tebja, Znaj, chto mne nuzhna Tol'ko ty odna."
20,"CHto zhe veselites', vam by tak popast' v bedu... U svoej ljubimoj poguljat' na svad'be, Da esze na svad'be, svad'be s novosel'em, Kak by ne zaplakat' pri takom vesel'e... Da esze na svad'be, svad'be s novosel'em, Kak by ne zaplakat' pri takom vesel'e... Na sed'moj na lifte podnimus' ja vskore, V dveri pozvonju ej i ona otkroet.. Pust' na ehtoj svad'be ja chuzhoj, vozmozhno, A ona mne skazhet: ""Zrja prishel, Serezha!""... Pust' na ehtoj svad'be ja chuzhoj, vozmozhno, A ona skvoz' slezy: ""Zrja prishel, Serezha!""... Pervyj tost ja vyp'ju za ljubov', za druzhbu, Vse slova skazhu ej, chto v dushe noshu ja... A ona, celujas', na menja kositsja, Slovno iz ob#jatij vyrvat'sja boitsja... A ona, celujas', na menja kositsja, Slovno iz ob#jatij vyrvat'sja boitsja..."
21,"Ty prosila ego: ""Tol'ko ne uhodi"" I drozhala ot slez, umoljala: ""Prosti"" Tol'ko on davno ushel, zovi-ne zovi I s soboju unes polovinku ljubvi Veszi on sobral, uhodit dveri za soboj zakroet Ne smotri v okno naprasno I ne zhdi ego - vse jasno On davno ushel i nochi Stali vdrug dlinnej, a dni koroche V komnate pustoj skuchaesh' Kak ego vernut' ne znaesh' Ty prosila ego: ""Tol'ko ne uhodi"" I drozhala ot slez, umoljala: ""Prosti"" Tol'ko on davno ushel, zovi-ne zovi I s soboju unes polovinku ljubvi Dumala - prostit, ne brosit S kem guljaesh' ty ne sprosit I rugat' tebja ne stanet Esli ty pridesh' domoj s druz'jami Serdce ty ego razbila Ty igrala s nim, no ne ljubila Ne smotri v okno naprasno I ne zhdi ego - vse jasno Ty prosila ego: ""Tol'ko ne uhodi"" I drozhala ot slez, umoljala: ""Prosti"" Tol'ko on davno ushel, zovi-ne zovi I s soboju unes polovinku ljubvi Ty prosila ego: ""Tol'ko ne uhodi"" I drozhala ot slez, umoljala: ""Prosti"" Tol'ko on davno ushel, zovi-ne zovi I s soboju unes polovinku ljubvi "
22,"My s toboj chasto daleki drug ot druga V ehtom vsja i prelest' V ehtom vsyo naslazhden'e Mne tozhe nravitsja Delat' ne tak kak ty hochesh' CHtoby pozlit' tebja, navernoe Takaja prijatnost' Porugat'sja i pomirit'sja, pravda? JA tebe segodnja zvonila Mog by trubku podnjat' Znaesh'? JA zhdu rebyonka, ty rad? EHto netelefonnyj razgovor EHto netelefonnyj razgovor Nu chto? Tak i budesh' molchat'? JA dumala chto obraduju tebja My vsegda budem vmeste A ty? Ty prosto propal Ispugalsja? Znaesh'? A ja vsyo reshila Esli ty pridyosh' ko mne JA prosto skazhu tebe... EHto netelefonnyj razgovor EHto netelefonnyj razgovor"
23,"Vot tancujut devochki: kol'ca, ser'gi, fenechki. Vot tancujut mal'chiki. Devochki vljubljajutsja..... Tol'ko by roditeli ehto ne uvideli Ne zabrali nas domoj v ehtot vecher vypusknoj Vot tancujut devochki: kol'ca, ser'gi, fenechki Vot tancujut mal'chiki. Devochki vljubljajutsja Tol'ko by roditeli ehto ne uvideli Ne zabrali nas domoj v ehtot vecher vypusknoj Nakonec-to leto, konchilis' uroki Nakonec-to leto. Vsem guljat' pora Vypusknoj u klassa - ehto budet klassno Vypusknoj u klassa budet do utra Do svidan'ja, mama. Do svidan'ja, papa Do utra segodnja budem my guljat' Pust' DJ igraet, vse v okruge znajut Vypusknoj u klassa - budem tancevat' Vot tancujut devochki: kol'ca, ser'gi, fenechki Vot tancujut mal'chiki. Devochki vljubljajutsja Tol'ko by roditeli ehto ne uvideli Ne zabrali nas domoj v ehtot vecher vypusknoj Nastupilo leto, konchilis' uroki Prozvenel poslednij shkol'nyj nash zvonok Mozhet i ne vstretim my drug druga bol'she Veselis', rebjata, ne zhaleja nog Do svidan'ja, mama. Do svidan'ja, papa Do utra segodnja budem my guljat' Pust' DJ igraet, vse v okruge znajut Vypusknoj u klassa - budem tancevat' Vot tancujut devochki: kol'ca, ser'gi, fenechki Vot tancujut mal'chiki. Devochki vljubljajutsja Tol'ko by roditeli ehto ne uvideli Ne zabrali nas domoj v ehtot vecher vypusknoj Vot tancujut devochki: kol'ca, ser'gi, fenechki Vot tancujut mal'chiki. Devochki vljubljajutsja Tol'ko by roditeli ehto ne uvideli Ne zabrali nas domoj v ehtot vecher vypusknoj "
24,"Tvoe dyhanie, tvoi glaza i pal'cy ruk tvoih ustalyh - Vse ehto tak znakomo, gde-to bylo... Ili mne kazalos', CHto u nas uzhe prakticheski s toboju nichego ne ostalos'. Zahodish', kak k sebe domoj i veszi sobiraesh', Vse chto mne dorogo lomaesh', b'esh', s soboju zabiraesh'. Glaza, slova i guby - vse ehto davno zabyto. JA ne hochu, chtob zapah ruk ostalsja na szekah moih nebrityh. Vse zaberi, chto ty mne podarila i razorvi ty staryj nash fotoal'bom, Zapiski, pis'ma, slova v avtootvetchik sozhgi, sotri, Davaj zabudem obo vsem. Sebe ostavlju tol'ko foto, vprochem, mozhesh' vzjat' i foto. JA ne hochu, chtob o tebe mne napominalo chto-to. Uhodish'? CHto zh davaj proszat'sja. Vse ehto ne moglo, ty znaesh', tak bol'she prodolzhat'sja. Uhodi, esli smozhesh'. Stan' opjat' odinokoj. Zabiraj vse chto hochesh', Tol'ko serdce ne trogaj! Uhodi, esli smozhesh'. Stan' opjat' odinokoj. Zabiraj vse chto hochesh', Tol'ko serdce ne trogaj! Znaju znaesh', i ja ehto ne skroju, Mne bylo horosho vse ehto vremja lish' s toboju. Da chto ja govorju! Tebe davno uzhe ne vazhno! Ty vse moi slova po zhizni nazyvala lazhej. Slyshish'? Slyshish', kak serdce moe b'etsja? Ty hochesh' posmotret', kak ehto serdce razob'etsja? Ved' vse chto v nem hranitsja, dlja tebja nichego ne znachit... JA ostajus' odin. Moja dusha i serdce plachet... Uhodi, esli smozhesh'. Stan' opjat' odinokoj. Zabiraj vse chto hochesh', Tol'ko serdce ne trogaj! Uhodi, esli smozhesh'. Stan' opjat' odinokoj. Zabiraj vse chto hochesh', Tol'ko serdce ne trogaj! Uhodi, esli smozhesh'. Stan' opjat' odinokoj. Zabiraj vse chto hochesh', Tol'ko serdce ne trogaj! Uhodi, esli smozhesh'. Stan' opjat' odinokoj. Zabiraj vse chto hochesh', Tol'ko serdce ne trogaj!"
25,"Segodnja v klube noch'ju budet tancy, Priedut v gosti dazhe inostrancy. Tam ochen' mnogo devchonok otdyhaet, No mne nel'zja tuda, menja tam tochno znajut. I vstretil ja vostochnuju caricu, V nee uspel bez pamjati vljubit'sja. Ona menja k sebe ne podpuskala, Ona Alsu, ona iz Tatarstana. Na diskoteke muzyka igraet, Muzhchiny dam na tanec priglashaet. I ja sebe uzhe odnu primetil, Ona byla krasivej vseh na svete. JA podoshel k nej, ot ljubvi sgoraja, Proshu prostit' menja, chto ja vas priglashaju. Ona gitaru ob menja slomala, Ona Zemfira iz Bashkortostana. Vot vy kakie, devushki Vostoka, Ne ponimaete nu kak mne odinoko. I poceluev, znaju, ne dobit'sja, Pridetsja srazu mne na vas zhenit'sja. Vot vy kakie, devushki Vostoka, Ne postupajte vy so mnoj zhestoko. Ved' ja ljubvi svoej skryvat' ne stanu, Ujdu k ZHasmin ona iz Dagestana."
26,"Snova odna noch'ju bez sna Zavtra s utra ty vyjdesh' zamuzh Tak malo let, a schast'ja net Skoro rassvet, a ty rydaesh' V plat'e stoish' svadebnom ty Ty tak davno o nem mechtala No pod fatoj slezy rekoj Ty ne moej zhenoju stala Teper' ty zamuzhem I tebe ne nuzhen ja uzhe A moja devchonka zamuzhem I teper' ne nuzhen ja uzhe JA takoj ne nuzhen Brosit' by vse i ubezhat' No na ruke kol'co sverkaet Ty ne mogla tak dolgo zhdat' I ty v chuzhih ob#jat'jah taesh' V plat'e stoish' svadebnom ty Ty tak davno o nem mechtala No pod fatoj slezy rekoj Ty ne moej zhenoju stala Teper' ty zamuzhem I tebe ne nuzhen ja uzhe A moja devchonka zamuzhem I teper' ne nuzhen ja uzhe JA takoj ne nuzhen Zamuzhem A moja devchonka zamuzhem JA teper' ne nuzhen Zamuzhem A moja devchonka zamuzhem JA takoj ne nuzhen Ty zamuzhem I tebe ne nuzhen ja uzhe A moja devchonka zamuzhem I teper' ne nuzhen ja uzhe JA takoj ne nuzhen Zamuzhem A moja devchonka zamuzhem I teper' ne nuzhen ja uzhe A moja devchonka zamuzhem JA takoj ne nuzhen."
27,JA prostoj obychnyj paren' I vse menja znajut JA uchus' v institute No ja tam ne pojavljajus' Kazhdyj vecher na tusovkah Kazhdoj noch'ju ja v ja v klubah I konechno ne zabudu o svoih podrugah Menja popsa ne vstavljaet Zapojut moroz po kozhe Est' takie komandy Prosto slushat' ne vozmozhno JA segodnja vmeste s vami Ob#javlju vojnu popse Nu koroche vsyo normal'no Kamon – «Tancujut vse!» Menja Ramshtajn ne zavodit A Limp Bizkit lomaet Vsyo ravno ja v anglijskom nichego ne ponimaju JA voz'mu ne mnogo piva JA voobsze ljublju pivo EHj devchonki kamon Ne prohodite mimo No pri vybore tusovki Nuzhno byt' ostorozhnym Inogda takoe vkljuchat Prosto slushat' ne vozmozhno JA segodnja vmeste s vami Ob#javlju vojnu popse Nu koroche vsyo normal'no Kamon – «Tancujut vse!» JA prostoj obychnyj paren' I vse menja znajut JA uchus' v institute No ja tam ne pojavljajus' Kazhdyj vecher na tusovkah Kazhdoj noch'ju ja v ja v klubah I konechno ne zabudu o svoih podrugah Menja popsa ne vstavljaet Zapojut moroz po kozhe Est' takie komandy Prosto slushat' ne vozmozhno JA segodnja vmeste s vami Ob#javlju vojnu popse Nu koroche vsyo normal'no Kamon – «Tancujut vse!» Menja Ramshtajn ne zavodit A Limp Bizkit lomaet Vsyo ravno ja v anglijskom nichego ne ponimaju JA voz'mu ne mnogo piva JA voobsze ljublju pivo EHj devchonki kamon Ne prohodite mimo No pri vybore tusovki Nuzhno byt' ostorozhnym Inogda takoe vkljuchat Prosto slushat' ne vozmozhno JA segodnja vmeste s vami Ob#javlju vojnu popse Nu koroche vsyo normal'no Kamon – «Tancujut vse!» JA prostoj obychnyj paren' I vse menja znajut Ne uchus' v institute Menja ot tuda vygonjajut Ne puskajut menja v kluby Na tusovki ne zovut I svoej ljubimoj pesnej JA zamuchil vseh vokrug I luchshij drug govorit mne Ty vseh naprjagaesh' V shoubiznese chuvak Ty nichego ne ponimaesh' JA segodnja v pod#ezde Ob#javlju vojnu popse Leha gde moi kolonki Kamon – «Tancujut vse!»
28,"Vecherom tyoplym brozhu odin. Ty ne smozhesh' vernut' eyo shepchet mne nezhno dozhd'. Znaju, chto vstrechu tebja s drugim, Luchshe ehto byla ne ty, No rjadom s nim ty idyosh'. JA zh tebja tak ljubil, tak ljubil. Dumal, chto ty zhdala menja, CHto zhe ty sdelala. JA zh tebja tak ljubil, tak ljubil, A teper' poterjal tebja. A on tebja celuet, govorit chto ljubit I nochami obnimaet, k serdcu prizhimaet. A ja muchajus' ot boli, so svoej ljubov'ju, Fotografii v al'bome o tebe napomnjat. A on tebja celuet, govorit chto ljubit I nochami obnimaet, k serdcu prizhimaet. A ja muchajus' ot boli, so svoej ljubov'ju, Fotografii v al'bome o tebe napomnjat. O tebe... Vecherom tyoplym gremit groza. Snova vizhu ja vas vdvoyom, ty ulybaesh'sja. V storonu ja otvozhu glaza, CHto zhe delaesh' ty so mnoj Zachem izdevaesh'sja ? JA zh tebja tak ljubil, tak ljubil. Dumal, chto ty zhdala menja, CHto zhe ty sdelala. JA zh tebja tak ljubil, tak ljubil, A teper' poterjal tebja. A on tebja celuet, govorit chto ljubit I nochami obnimaet, k serdcu prizhimaet. A ja muchajus' ot boli, so svoej ljubov'ju, Fotografii v al'bome o tebe napomnjat. A on tebja celuet, govorit chto ljubit I nochami obnimaet, k serdcu prizhimaet. A ja muchajus' ot boli, so svoej ljubov'ju, Fotografii v al'bome o tebe napomnjat. O tebe..."
29,"Ko mne prishel Moj samyj luchshij drug I govorit: ""Davaj najdem podrug"" Kak mnogo ih Krasivyh takih Ty ljubish' ehtih A ja drugih Stojat devchonki - jubki po koleno U perehoda metropolitena Privet, devchonki, ja horoshij mal'chik Pojdem ko mne, roditeli na dache Opjat' odni Sidim moj drug i ja Na leto vse Raz#ehalis' druz'ja A nam najti Devchonok tak legko My vstretim ih U stancii metro Stojat devchonki - jubki po koleno U perehoda metropolitena Privet, devchonki, ja horoshij mal'chik Pojdem ko mne, roditeli na dache Stojat devchonki - jubki po koleno U perehoda metropolitena Privet, devchonki, ja horoshij mal'chik Pojdem ko mne, roditeli na dache Ko mne prishel Moj samyj luchshij drug I govorit: ""Davaj najdem podrug"" Kak mnogo ih Krasivyh takih Ty ljubish' ehtih A ja drugih Stojat devchonki - jubki po koleno U perehoda metropolitena Privet, devchonki, ja horoshij mal'chik Pojdem ko mne, roditeli na dache Stojat devchonki - jubki po koleno U perehoda metropolitena Privet, devchonki, ja horoshij mal'chik Pojdem ko mne, roditeli na dache"
30,"Malen'kie devochki V pervyj raz vljubljajutsja, Malen'kie devochki Kazhdyj oshibaetsja, Malen'kie devochki EHto ne schitaetsja, Malen'kie devochki Vy takie malen'kie. Malen'kie devochki V pervyj raz vljubljajutsja, Malen'kie devochki Kazhdyj oshibaetsja, Malen'kie devochki Vecherom na ulicu, Malen'kie devochki V pervyj raz celujutsja. CHto s toboj sluchilos'? CHto ty gor'ko plachesh'? Nu, ne poluchilos', I ushel tvoj mal'chik. Na chetyre goda Ty ego molozhe, Ne grusti rodnaja Podozhdi nemnogo. CHto s toboj sluchilos'? Poterjala schast'e, Zapreszaet mama S nim tebe vstrechat'sja, Nado by uchit'sja Na odni pjaterki, &gt;No odni mal'chishki V serdce u devchonki. Snova guby krasish' Krasnoju pomadoj, Ne dovolen papa Tak emu i nado. CHto ty tam risuesh' Tush'ju nad glazami? Krasit'sja tak jarko Zapreszaet mama. CHto s toboj sluchilos'? CHto ty gor'ko plachesh'? Nu, ne poluchilos', I ushel tvoj mal'chik. Na chetyre goda Ty ego molozhe, Ne grusti rodnaja Podozhdi nemnogo"
31,"Pochemu zhe tak temno, prosto ja zakryl glaza I ne vizhu nichego, tol'ko chuvstvuju tebja Ty drozhish' v moih rukah, poterjala ty pokoj Tebja krepche obnimu, ty ne bojsja, ja s toboj JA ostanus' u tebja i tihon'ko posizhu Dlja tebja, ljubov' moja, skazku na noch' rasskazhu I teplee srazu stal dom holodnyj i pustoj Vsju ljubov' tebe otdam, ty ne bojsja, ja s toboj Pochemu zhe tak teplo, prosto ty v moih rukah Zasypaesh' tak legko s poceluem na gubah Budem vmeste my vsegda, dazhe esli v snah tvoih I ljubov', chto est' u nas, my razdelim na dvoih Pochemu zhe tak legko, prosto ljubish' ty menja Pust' vsegda moe teplo budet tol'ko dlja tebja Svetit nam s toboj v okno solnca luchik zolotoj Vstretim novyj den' vdvoem, ty ne bojsja, ja s toboj Pochemu tak schastliv ja, dogadajsja ty sama Blagodaren ja sud'be za ljubov' chto nam dana I nikto i nikogda nas ne razluchit s toboj JA ostanus' navsegda s samoj nezhnoj i rodnoj JA ostanus' u tebja i tihon'ko posizhu Dlja tebja, ljubov' moja, skazku na noch' rasskazhu I svetlee srazu stal dom holodnyj i pustoj Vsju ljubov' tebe otdal, ty ne bojsja, ja s toboj"
32,"U reki devchonka gorevala Po reke nochnoj cvetochek plyl Ved' devchonke nuzhno ochen' malo Nuzhno chtoby kto-nibud' ee ljubil Da, ljubov', ljubov' - ona takaja Dazhe esli bol'she netu sil Ty ne plach', ne plach' moja rodnaja Cvetochek nash uplyl, no ja tebja ljubil U reki devchonka gorevala A ljubov' ej pridavala sil V vodu brosilas' ona ne znaja CHto cvetok davnym-davno uzhe uplyl Da, ljubov', ljubov' - ona takaja Dazhe esli bol'she netu sil Ty ne plach', ne plach' moja rodnaja Cvetochek nash uplyl, no ja tebja ljubil Da, ljubov', ljubov' - ona takaja Dazhe esli bol'she netu sil Ty ne plach', ne plach' moja rodnaja Cvetochek nash uplyl, no ja tebja ljubil"
33,"Govorila, chto menja ne videla, Obnimala i tiho nenavidela. Obeszala byt' moej ljubimoju I glazami hlopala nevinnymi. I na vse, na vse moi priznanija - Poluchal ja tol'ko obeszanija. JA ne znaju, chto ty tam zadumala, Dam ja vremja, chtoby ty podumala. Dumala, dumala, dumala Vremja bystro proletalo, a ty vsyo obeszala. Dumala, dumala, dumala I mal'chishke molodomu vse ushi prozhuzhzhala. Dumala, dumala, dumala Ni otveta, ni priveta, ty opjat' propala. Dumala, dumala, dumala Vot takaja vot istorija. La-la-la-la-la. Govorila, chto menja ne videla, Celovala i tiho nenavidela. Vecherami ot menja skryvalas' ty, Mozhet prosto, prosto ispugalas' ty. Ty ne dumaj, dolgo zhdat' ne budu ja, I nazlo vljubljus' v tvoju podrugu ja. Ved' ona davno mne glazki stroila, ty podumaj, ved' poka s toboju ja. Dumala, dumala, dumala Vremja bystro proletalo, a ty vsyo obeszala. Dumala, dumala, dumala I mal'chishke molodomu vse ushi prozhuzhzhala. Dumala, dumala, dumala Ni otveta, ni priveta, ty opjat' propala. Dumala, dumala, dumala Vot takaja vot istorija. La-la-la-la-la. Dumala, dumala, dumala Vsyo ty v zhizni poterjala. La-la-la-la-la"
34,"Tol'ko dlja tebja Na chyornom more korabli, korabli. Tol'ko dlja tebja JA obojdu vokrug zemli, ja zemli. Tol'ko dlja tebja Najdu druzej ja na lune, na lune. Hochesh' odnogo JA privezu ego tebe, ja tebe. La la la la, la la la la la, La la la la la, a mne vsyo malo. La la la la la, la la la la la, La la la la la, a mne vsyo malo. La la la la, la la la la la, La la la la la, a mne vsyo malo. La la la la la, la la la la la, La la la la la, a mne vsyo malo. Tol'ko dlja tebja Kupil bilety ja v kino, ja v kino. Tol'ko dlja tebja JA prilechu na NLO, NLO. Tol'ko dlja tebja JA pokorjaju EHverest, EHverest. Tol'ko ne pojmu Zachem zhe ja tuda zalez, ja zalez. La la la la la, la la la la la, La la la la la, a mne vsyo malo. La la la la la, la la la la la, La la la la la, a mne vsyo malo. Tol'ko dlja tebja Vzletaet v nebo samolyot, samolyot. Tol'ko dlja tebja Unosit on menja v polyot, on v polyot. Tol'ko dlja tebja JA mnogo pesen sochinju, sochinju. Tol'ko zolotoj JA gramofon ne poluchu, poluchu. La la la la la, la la la la la, La la la la la, a mne vsyo malo. La la la la la, la la la la la, La la la la la, a mne vsyo malo. A mne vsyo malo, a mne vsyo malo. A mne vsyo malo, a mne vsyo malo."
35,"CHto, chto mne delat' s toboju? Ty moja radost' i gore! Sdelala mne ochen' bol'no. CHto, chto mne delat' s toboju? Ne ljublju s toboj sporit'. Luchshe smirit'sja s sud'boju. Zakryla ty, lico rukami, I prosish' vsyo menja zabyt'. JA ne mogu, ty ehto znaesh', V poslednij raz tebja prostit' . I ja uzhe tebe ne verju, I opravdanija ne v schyot. JA uhozhu, ne hlopnuv dver'ju, Pust' tebe v zhizni povezyot. CHto, chto mne delat' s toboju? Ty moja radost' i gore! Sdelala mne ochen' bol'no. CHto, chto mne delat' s toboju? Ne ljublju s toboj sporit'. Luchshe smirit'sja s sud'boju. Nam ne vernut' togo, chto bylo, I nam s toboj ne po-puti. Kak zhal', chto ty menja zabyla, Ljubov' nam nashu ne spasti. I ja uzhe tebe ne verju. I slyozy vovse ne k chemu. I mne s toboj net smysla sporit', Prosti ja molcha uhozhu. CHto, chto mne delat' s toboju? Ty moja radost' i gore! Sdelala mne ochen' bol'no. CHto, chto mne delat' s toboju? Ne ljublju s toboj sporit'. Luchshe smirit'sja s sud'boju."
36,"Ostajus' ja odin, dazhe serdce ne b'yotsja, A obida v dushe navsegda ostayotsja, I tol'ko golubem belym k tebe uletajut Vse privety moi adresata ne znajut. I daleko-daleko ty s drugim ostayosh'sja, I vzaimnoj ljubvi ot nego ne dob'yosh'sja. I ty uzhe ne zhivyosh', ne stradaesh', ne dyshish', Ty ostanesh'sja s nim, a menja ne uslyshish'. On ne ja, ne razbudit utrom, On ne ja, i laskat' ne budet On tebja. I takim zhe tyoplym, Kak i ja, nikogda ne budet. On ne ja, nezhnyh slov ne slyshno, On ne ja, ja zdes' tretij lishnij, Vmeste s nim ostayosh'sja, znaju. CHto zh, togda proszaj, rodnaja. Ostayosh'sja ty s nim, pust' sud'ba tak reshila, S nim tebe horosho, a menja ty zabyla. I tol'ko golubi v nebe letajut, letajut I dorogu k tebe navsegda zabyvajut I dazhe verit' ne hochesh', chto ja tak stradaju, S kazhdym dnem vsyo sil'nej o tebe ja mechtaju. No tol'ko slyozy ne sohnut i golos vsyo tishe, Ty ostanesh'sja s nim, a menja ne uslyshish'. On ne ja, ne razbudit utrom, On ne ja, i laskat' ne budet On tebja. I takim zhe tyoplym, Kak i ja, nikogda ne budet. On ne ja, nezhnyh slov ne slyshno, On ne ja, ja zdes' tretij lishnij, Vmeste s nim ostayosh'sja, znaju. CHto zh, togda proszaj, rodnaja. Rodnaja, rodnaja..."
37,"Pochemu ty obhodish' vnov' menja storonoj, Pochemu izbegaesh' snova vstrechi so mnoj? Ty pojmi, mne ne vazhno skol'ko bylo parnej U tebja do togo, kak ty stala moej. JA ne em i ne splju uzhe neskol'ko dnej I davno uzhe zhdu, chto ty stanesh' moej. Pochemu zhe opjat', ty mne ne pozvonish'? JA hochu byt' s toboj, lish' s toboju, malysh. Pishu tebe pis'mo i, kak vsegda, szhigaju. V nyom strochki iz hita: ""Lish' o tebe mechtaju"". A zavtra my uvidimsja s toboju snova, No mimo ty projdesh', mne ne skazav ni slova. Pishu tebe stihi i kak vsegda szhigaju. I v ehtih strochkah ja lish' o tebe mechtaju. Mne dlja tebja pisat' stihi sovsem ne slozhno. Nu vsyo celuju, nizhe podpis' - tvoj Seryozha... Ty takaja odna, ni k chemu ehta lozh', Ty ne ta, za kogo ty sebja vydayosh'. Ty svoej krasotoj mnogih svodish' s uma, Tol'ko vmeste, bojus', nam ne byt' nikogda. JA hochu podojti, no bojus', chto v otvet Kak i vsem ty otvetish' holodnoe - net. Napishu ja pis'mo i sozhgu ego vnov', No gorit lish' bumaga, ne sgoraet ljubov'. Pishu tebe pis'mo i, kak vsegda, szhigaju. V nyom strochki iz hita: ""Lish' o tebe mechtaju"". A zavtra my uvidimsja s toboju snova, No mimo ty projdesh', mne ne skazav ni slova. Pishu tebe stihi i kak vsegda szhigaju. I v ehtih strochkah ja lish' o tebe mechtaju. Mne dlja tebja pisat' stihi sovsem ne slozhno. Nu vsyo celuju, nizhe podpis' - tvoj Seryozha... Pishu tebe pis'mo i, kak vsegda, szhigaju. V nyom strochki iz hita: ""Lish' o tebe mechtaju"". A zavtra my uvidimsja s toboju snova, No mimo ty projdesh', mne ne skazav ni slova. Pishu tebe stihi i kak vsegda szhigaju. I v ehtih strochkah ja lish' o tebe mechtaju. Mne dlja tebja pisat' stihi sovsem ne slozhno. Nu vsyo celuju, nizhe podpis' - tvoj Seryozha... Pishu tebe pis'mo i, kak vsegda, szhigaju. V nyom strochki iz hita: ""Lish' o tebe mechtaju"". A zavtra my uvidimsja s toboju snova, No mimo ty projdesh', mne ne skazav ni slova. Pishu tebe stihi i kak vsegda szhigaju. I v ehtih strochkah ja lish' o tebe mechtaju. Mne dlja tebja pisat' stihi sovsem ne slozhno. Nu vsyo celuju, nizhe podpis' - tvoj Seryozha..."
38,"Dvoe nas tol'ko ty lish' odna I ljubov' ty svoju na dvoih razdeljaesh'! To odin, to drugoj u tebja Kto zhe luchshe iz nas, kto krasivej ne znaesh'! Znaesh' ty, chto vtroem nam ne byt' Znachit s kem to iz nas nuzhno budet rasstat'sja! Vybiraj i reshaj poskorej Prosto iz-za tebja ne hotim my rugat'sja! A nu poprobuj ugadaj Kogo ty hochesh' vybiraj! Nas tol'ko dvoe ty odna Koroche vybiraj sama! Koroche vybiraj sama! Dvoe nas tol'ko ty lish' odna To s odnim, to s drugim vecherami guljaesh'! Ponedel'nik celuesh'sja s nim A vo vtornik uzhe ty menja obnimaesh'! Mozhet hvatit za nami hodit' Vybiraj poskorej, s kem ty hochesh' ostat'sja! Ty ne mozhesh' dvoih nas ljubit' Ne hvatala esze iz-za devchonok rugat'sja! A nu poprobuj ugadaj Kogo ty hochesh' vybiraj! Nas tol'ko dvoe ty odna Koroche vybiraj sama! Koroche vybiraj sama! A nu poprobuj ugadaj Kogo ty hochesh' vybiraj! Nas tol'ko dvoe ty odna Koroche vybiraj sama! Koroche vybiraj sama!"
39,"Solnyshkom, Byla ty jasnym solnyshkom, Ushla, ischezla, I ostalis' tuchi bez tebja. Samoju Krasivoju i dobroju Ty navsegda ostanesh'sja Takoju dlja menja. Samoj dobroju, samoj nezhnoju, Samoj laskovoj. Samoj dobroju, samoj nezhnoju, Samoj laskovoj. A-a-a-a, A-a, a-a. Rybkoju, Ty zolotoju rybkoju, Kak v skazke, v sinem more Uplyvala navsegda. Ty plyvi, Plyvi, moja ljubimaja, No ne zabud' ispolnit' Tri zhelan'ja dlja menja. Samoju dobroju, samoj nezhnoju, Samoj laskovoj. Samoj dobroju, samoj nezhnoju, Samoj laskovoj. Samoj dobroju, samoj nezhnoju, Samoj laskovoj. Samoj dobroju, samoj nezhnoju, Samoj laskovoj. A-a-a-a, A-a, a-a. A-a-a-a, A-a, a-a. Devochkoj, Byla moej ty devochkoj, No s kazhdym dnyom vzroslee ty I dal'she ot menja Tol'ko znaj, CHto dazhe cherez sotni let Ljubimoju ostanesh'sja Devchonkoj dlja menja. Samoj dobroju, samoj nezhnoju, Samoj laskovoj. Samoj dobroju, samoj nezhnoju, Samoj laskovoj. Samoj dobroju, samoj nezhnoju, Samoj laskovoj. Samoj dobroju, samoj nezhnoju, Samoj laskovoj. A-a-a-a."
40,"EHtot teplyj vecher, byl takim schastlivym Tol'ko vse isportil, morosjaszij dozhd'. JA stojal promokshij, molodoj, krasivyj I eszyo ne znal ja, chto ty ne pridyosh'. JA stojal promokshij, molodoj, krasivyj I eszyo ne znal ja, chto ty ne pridyosh'. JA stojal promokshij, i takoj schastlivyj A brodjaga veter, nagonjal bedu. Kapli, kak slezinki po szekam ne britym No ne stoit plakat', plakat' pacanu Kapli, kak slezinki po szekam ne britym No ne stoit plakat', plakat' pacanu EHtot teplyj vecher, byl takim schastlivym Tol'ko vse isportil, morosjaszij dozhd'. Zrja tebe poveril, molodoj, krasivoj Esli b tol'ko znal ja, chto ty ne pridyosh'. Zrja tebe poveril, molodoj, krasivoj Esli b tol'ko znal ja, chto ty ne pridyosh'."
41,"Zabiraj menja skorej, uvozi za sto morej I celuj menja vezde 18 mne uzhe. Zabiraj menja skorej, uvozi za sto morej I celuj menja vezde ja ved' vzroslaja uzhe. Zabiraj menja skorej, uvozi za sto morej I celuj menja vezde 18 mne uzhe. Zabiraj menja skorej, uvozi za sto morej I celuj menja vezde ja ved' vzroslaja uzhe. Ty segodnja vzroslee stala i uchebu ty proguljala, Sobrala vseh svoih podruzhek,nu a kak zhe ja?! Ved' den' rozhdenie u tebja. Znaju, ty menja ne zabudesh', JA pridu - menja zaceluesh', No poceluev tvoih mne malo, JA hochu,chtob ty skazala Zabiraj menja skorej, uvozi za sto morej I celuj menja vezde 18 mne uzhe. Zabiraj menja skorej, uvozi za sto morej I celuj menja vezde ja ved' vzroslaja uzhe. Ty uzhe tancevat' ustala,ehta pesnja sto raz igrala. Veseljatsja tvoi podruzhki,razbudili vseh, Peli pesni Ruki Vverh. Vse ushli,my odni ostalis' I drug drugu vo vsem priznalis', Ved' ty segodnja vzroslee stala, Nakonec-to mne skazala: Zabiraj menja skorej, uvozi za sto morej I celuj menja vezde 18 mne uzhe. Zabiraj menja skorej, uvozi za sto morej I celuj menja vezde ja ved' vzroslaja uzhe. Zabiraj menja skorej, uvozi za sto morej I celuj menja vezde 18 mne uzhe. Zabiraj menja skorej, uvozi za sto morej I celuj menja vezde ja ved' vzroslaja uzhe. Znaju,ty menja ne zabudesh' JA pridu menja zaceluesh', No poceluev tvoih mne malo, JA hochu, chtob ty mne prosheptala: Zabiraj menja skorej, uvozi za sto morej I celuj menja vezde 18 mne uzhe. Zabiraj menja skorej, uvozi za sto morej I celuj menja vezde 18 mne uzhe. Zabiraj menja skorej, uvozi za sto morej I celuj menja vezde 18 mne uzhe. Zabiraj menja skorej, uvozi za sto morej I celuj menja vezde ja ved' vzroslaja uzhe."
42,"Ljubish' ty Aleshku bol'she, chem menja, O Alyoshke ty vzdyhaesh' zrja, O Alyoshke, vse tvoi mechty, Tol'ko o Seryoge pozabyla ty. I bez Lyoshki zhizn' tvoja pusta, Ty sovsem eszyo naivna i chista, Nabljudaesh' ty za nim izdaleka, Tol'ko mezhdu vami slyoz reka. Potomu chto est' Alyoshka u tebja, O Alyoshke ty vzdyhaesh' zrja, O Alyoshke vse tvoi mechty, Tol'ko o Seryoge pozabyla ty. Ne visit plakat moj doma na stene, Ty uzhe ne pomnish' obo mne, I podruzhkam ty boish'sja rasskazat', Kak Alyoshku ty ne hochesh' poterjat'. I stoish' ty rjadom v dvuh shagah, I ne skroesh' slyozy na glazah, Ty ne znaesh', kak ty daleka, Mezhdu nami snova slyoz reka. Potomu chto est' Alyoshka u tebja, O Alyoshke ty vzdyhaesh' zrja, O Alyoshke vse tvoi mechty, Tol'ko o Seryoge pozabyla ty. Potomu chto est' Alyoshka u tebja, O Alyoshke ty vzdyhaesh' zrja, O Alyoshke vse tvoi mechty, Tol'ko o Seryoge pozabyla ty. Pozabyla ty, pozabyla ty. Potomu chto est' Alyoshka u tebja O Alyoshke ty vzdyhaesh' zrja, O Alyoshke vse tvoi mechty..."
43,"JA nichego o tebe ne znal, Vsju svoju zhizn' ja tebja iskal, Veril, chto ty zhdala menja, Dveri otkroj, zdravstvuj, ehto ja! Ty nichego mne ne govori, Dveri otkroj, menja pusti, JA rasskazhu, kak iskal tebja EHto ne son, zdravstvuj, ehto ja! Nichego ne skroju ja ot tebja, Vsyo rasskazhu, obnimu ljubja, Znaju, kak ty zhdala menja, Dveri otkroj, zdravstvuj, ehto ja! Krepko menja ty obnimi, Dveri na vse zamki zapri, JA ne ischeznu nikuda, Prosto skazhu: «Zdravstvuj, ehto ja!» Pust' solnce vesnoju Sogrevaet nas s toboju, Pust' schast'e, kak more, Nas nakroet tyoploju volnoju. Ty rjadom so mnoju, Prikosnis' ko mne rukoju, I slyozy ne skroju, CHerez stol'ko let my opjat' s toboju. Pust' solnce vesnoju Sogrevaet nas s toboju, Pust' schast'e, kak more, Nas nakroet tyoploju volnoju. Ty rjadom so mnoju, Prikosnis' ko mne rukoju, I slyozy ne skroju, CHerez stol'ko let ty opjat' s mnoju. JA nichego o tebe ne znal, Vsju svoju zhizn' ja tebja iskal, Veril, chto ty zhdala menja, Dveri otkroj, zdravstvuj, ehto ja!"
44,"Odin ja snova idu I mne guljat' odnomu Tak skuchno. No ja zhe ne propadu, Sebe devchonok najdu. A mne po-fig! Ty menja ne zhdala, Ty mirno spala V chetyre utra. JA vsem ustroil pod#em. Prosypajsja! Pojdem Potancuem vdvoem! Ah, sorri! Ty zhe spala. Ty ne krichi na menja. Vse klevo! Ty govorish': ""Ne pojdu!"" A ja druguju najdu! Mne po-fig! Ty menja ne zhdala I sladko spala V polshestogo utra. No, no mne vse ravno I ja lezu v okno. Vot takoe kino! Oj, sorri! Ty ne odna! Tvoj drug krichit na menja. Obidno! Nikto so mnoj ne idyot, segodnja mne ne vezyot! A po-fig!"
45,"Ne prjach' svoi glaza, Posmotri, chto u nas s toboj ostalos'. Vsyo ne tak legko, I uzhe ne smeshno, kak tebe kazalos'. Ty mne rasskazhi, Kto tebja celuet, kto laskaet... Tak zhe kak i ja, On tebja najdyot i poterjaet. Ty, ty ostalas' odna, tak tebe i nado, Ty nikomu ne nuzhna, i so mnoju rjadom Est' kto-to luchshe tebja, ty za vsyo prosti menja I poprobuj najti kogo-to luchshe, chem ja! Vspomnish' ty menja I zahochesh' ty ko mne vernut'sja, Vzjat' i vsyo prostit', Ot ljubvi moej prosnut'sja. Znaju tochno ja, U tebja takih kak ja ne budet, Ty opjat' odna, I nikto tebja, tebja ne ljubit. Ty, ty ostalas' odna, tak tebe i nado, Ty nikomu ne nuzhna, i so mnoju rjadom Est' kto-to luchshe tebja, ty za vsyo prosti menja I poprobuj najti kogo-to luchshe, chem ja!"
46,"JA k tebe prizhmus' Slovno nevznachaj. Spi, malysh, baju-baj, Spi, malysh, baju-baj. Glazki zakryvaj! Rjadom budu ja, Ne perezhivaj! Spi, malysh, baju-baj, Spi, malysh, baju-baj. Glazki zakryvaj! Teploju rukoj Nezhno obnimu Laskovoju moju, Glupen'kuju moju, Nezhnuju moju. I vsju noch' s toboj Do utra bez sna. Ty u menja odna, Ty u menja odna, Tol'ko ty odna! Mne s toboj Do zemli, do neba ne dostat' rukoj. Ne uvidet' zvezdy v tishine nochnoj. Rjadom budu, vdrug tebe prisnitsja chto-to. JA zh ne splju, Poceluju obnimu ljubov' moju, I ne dam tebja v obidu Tak i znaj! Prosto zasypaj."
47,"CHto zh ty, paren', Devchonku obizhaesh'? Ty zhe, paren', Sovsem ee ne znaesh'. Ne vstrechaesh', Domoj ne provozhaesh'. CHto zh ty, paren', Devchonku obizhaesh'? A? Ty sovsem o nej zabyl, Pochemu-to ne zvonil. S kem ty vremja provodil, Ne znaju ja. A ona tebja zhdala, Dazhe v shkolu ne poshla. CHto u vas tam za dela, Ne ponimaju ja! Vam drug druga ne ponjat', Mozhet stoit podozhdat'. No devchonku obizhat' ne nado. Esli mozhesh' ty ljubit', JA mogu vas pomirit'. Mozhet vse ona prostit' I budet rjadom. Smotri, dozhdesh'sja u menja! Devchonku obizhaesh'…A? Smotri, poluchish' u menja! Ty sovsem o nej zabyl, Pochemu-to ne zvonil. S kem ty vremja provodil, Ne znaju ja. Ty odin - ona odna. Ni podruga, ni zhena, No ona tebe verna. Tochno znaju ja. Povtorjaju vnov' i vnov': CHto u vas tam za ljubov'? Bespredel, a ne ljubov'! Ne ponimaju ja!"
48,"Ne zovi menja krasivoju, JA ved' vovse nekrasivaja. Ne zovi goluboglazoju, Zlatovlasoj ne zovi. JA sovsem - sovsem obychnaja, Mozhet prosto simpatichnaja. A ljublju tebja krasivogo, Ne stydjas' svoej, ne stydjas' svoej, Ne stydjas' svoej, ljubvi JA ne znaju chto zhe vse-taki, Ty nashel vo mne osobogo? Govorja po pravde bojazny Mne priznanija tvoi. Govorjat podruzhki: ""Glupaja! Poljubila na bedu svoju"". Nu, a ja ljublju ni kapel'ki. Ne stydjas' svoej, ne stydjas' svoej, Ne stydjas' svoej, ljubvi... JA sama ne redko chuvstvuju, CHto nemnogo stala grustnoju. Tol'ko grust' vo mne vsja svetlaja, Kak i pesni, vse tvoi. Mozhet nam s toboj ne vmeste byt', Ne v odnoj vode do schast'ja plyt'. Vse ravno ja ochen' schastliva. Ot moej ljubvi, Ot moej ljubvi, ot moej ljubvi, k tebe..."
49,"Like, You Like, I Like Like, I Like, I I Like, You Like, I Like Like, I Like, I I Like, You Like, I Like Like, I Like, I I Like, You Like, Like, You Like, I Like Like, I Like, I I Like, You Like, I Like Like, I Like, I I Like, You Like, I Like Like, I Like, I I Like, You Like, I Like Like, I Like, I I Like, You Like, I Like Like, I Like, I I Like, You Like, I Like Like, I Like, I I Like."
50,"Mjagkij-mjagkij sneg, na moyom okne. Umiraja, nezhno tajal, dumal o tebe. S nim grustil i ja, ved' rjadom net tebja, Kak zhe mog ja zhit' tak dolgo, vernost' ne hranja. Ty mogla by menja spasti, Na minutu ostat'sja rjadom, V tishine prosheptat' ""prosti"", Tol'ko slyoz mne tvoih ne nado. Podari mne svoyo teplo, I ostan'sja na vek so mnoju, Ty zhe znaesh', kak tjazhelo, Tjazhelo byt' moej zhenoju... I v holodnyj den', snova ja pridu, Dveri raspahnu, i snova, v zhizn' tvoju vojdu. Tol'ko ne goni, i ne uhodi, Mne takoj, kak ty, ljubimoj, bol'she ne najti Ty mogla by menja spasti, Na minutu ostat'sja rjadom, V tishine prosheptat' ""prosti"", Tol'ko slyoz mne tvoih ne nado. Podari mne svoyo teplo, I ostan'sja na vek so mnoju, Ty zhe znaesh', kak tjazhelo, Tjazhelo byt' moej zhenoju... Ty mogla by menja spasti, Na minutu ostat'sja rjadom, V tishine prosheptat' ""prosti"", Tol'ko slyoz mne tvoih ne nado. Podari mne svoyo teplo, I ostan'sja na vek so mnoju, Ty zhe znaesh', kak tjazhelo, Tjazhelo byt' moej zhenoju..."
51,"Golos tvoj nezhnyj ja slyshu, Prosit on vsyo vernut' nazad, Tishe ljubimaja, tishe, JA vo vsyom byl s toboj vinovat. JA vinovat... JA vinovat... Ved' ty u menja odna, kison'ka moja. I celovat'sja ja hochu s toboju. Ostan'sja u menja, doma u menja Pohodim golyshom s toboju! Ty u menja odna, kison'ka moja I celovat'sja ja hochu s toboju Ostan'sja u menja, doma u menja Pohodim golyshom s toboju! Sjadem drug k drugu blizhe, JA davno uzh na vsyo gotov. Vizhu, ljubimaja, vizhu. EHto bol'she, chem prosto ljubov'. EHto ljubov', kiska - ljubov'. EHto ljubov', kiska – ljubov' Ved' ty u menja odna, kison'ka moja. I celovat'sja ja hochu s toboju. Ostan'sja u menja, doma u menja. Pohodim golyshom s toboju! Ved' ty u menja odna, ved' ty u menja odna, Ved' ty u menja odna, kison'ka moja. I celovat'sja ja hochu s toboju. Ostan'sja u menja, doma u menja. Pohodim golyshom s toboju! Ty u menja odna, kison'ka moja. I celovat'sja ja hochu s toboju. Ostan'sja u menja, doma u menja. Pohodim golyshom s toboju!"
52,"A ty ni s kem ne guljala, sidela odna. I nevinnost' svoju dlja nego beregla. Tol'ko vse ehto zrja, tol'ko vse ehto zrja. On ne pomnit o tebe i ne ljubit tebja! Ty poverila v to, chto ne budesh' s drugim, Predstavljaja sebe, kak ty schastliva s nim! Tol'ko vse ehto zrja, tol'ko vse ehto zrja. On ne pomnit o tebe i ne ljubit tebja! A ty o nem vspominala, hotela ljubvi. I do vstrechi s ljubimym, schitala ty dni. Tol'ko vse ehto zrja, tol'ko vse ehto zrja. On ne pomnit o tebe i ne ljubit tebja Ty uzhe ne rebenok i hochesh' tepla, No po-prezhnemu ty ostaesh'sja odna. Znaesh' vse ehto zrja, znaesh' vse ehto zrja. On ne pomnit o tebe i ne ljubit tebja! Pust' prohodit ljubov', pust' razbity mechty, Ochen' skoro pojmesh' ne togo ljubish' ty. Ty zhe znala, chto zrja, ty zhe znala, chto zrja, Ty ljubila togo, kto ne ljubit tebja! I prosnesh'sja ty utrom, uslyshish': ""Ljublju!""- EHto ja tebe nezhno s utra propoju. I pojmesh', chto ne zrja, i pojmesh', chto ne zrja, Ty zabyla ego i nashla ty menja."
53,"Aj-jaj-jaj, devchonka, gde vzjala takie nozhki Aj-jaj-jaj, devchonka, topaj-topaj po dorozhke Aj-jaj-jaj mal'chishki vse uzhe slomali glazki Aj-jaj-jaj, mal'chishki, na nee gljadet' opasno Aj-jaj-jaj, devchonka, gde zhe vse tvoi podruzhki Aj-jaj-jaj, devchonki, vam mal'chishki ne igrushki Aj-jaj-jaj, devchonka, ty kuda bezhish' ne znaju Aj-jaj-jaj, devchonka, za toboj ne uspevaju Aj-jaj-jaj shepchu tebe, rodnaja Aj-jaj-jaj, a imeni ne znaju Aj-jaj-jaj otkuda zh ty takaja Aj-jaj-jaj devchonka ozornaja Aj-jaj-jaj shepchu tebe, rodnaja Aj-jaj-jaj, a imeni ne znaju Aj-jaj-jaj otkuda zh ty takaja Aj-jaj-jaj takaja delovaja Aj-jaj-jaj, devchonka, podozhdi odnu minutku Aj-jaj-jaj, devchonka, ja vljubilsja ne na shutku Aj-jaj-jaj, devchonka, chto zh ty delaesh' so mnoju Aj-jaj-jaj, devchonka, zaberi menja s soboju Aj-jaj-jaj shepchu tebe, rodnaja Aj-jaj-jaj, a imeni ne znaju Aj-jaj-jaj otkuda zh ty takaja Aj-jaj-jaj devchonka ozornaja Aj-jaj-jaj shepchu tebe, rodnaja Aj-jaj-jaj, a imeni ne znaju Aj-jaj-jaj otkuda zh ty takaja Aj-jaj-jaj takaja delovaja"
54,"Ty podojdi poblizhe, prisjad' so mnoju rjadom. JA ne mogu tebja tak dolgo zhdat'. Kak bystro noch' promchalas' i gub slijanij nezhnyh Mne bol'she nikogda ne ispytat'. Ty podojdi poblizhe, pochuvstvuj, chto ja rjadom, Pojmi, chto nikuda ja ne ujdu. Pozvol' mne nasladit'sja tvoim vljublyonnym vzgljadom. Nu gde eszyo takuju ja najdu? Kak mne segodnja hochetsja, Tol'ko s toboju rjadom byt'. Skrasit' tvoyo odinochestvo, Tol'ko tebja odnu ljubit'. JA proshepchu tebe laskovo, Nezhnoj rukoju obnimu. Solnyshko ty moyo jasnoe, JA ne otdam tebja nikomu. Ty podojdi poblizhe, pogovori so mnoju. JA tak hochu uslyshat' golos tvoj. JA tak hochu segodnja, zabyt' o vsyom s toboju. V ob#jat'jah samoj nezhnoj i rodnoj. Ty podojdi poblizhe, i bud' sama soboju. JA ne mogu tebja tak dolgo zhdat'. Kak bystro noch' promchalas', a nam eszyo s toboju, O mnogom nuzhno pomechtat'. Kak mne segodnja hochetsja, Tol'ko s toboju rjadom byt'. Skrasit' tvoyo odinochestvo, Tol'ko tebja odnu ljubit'. JA proshepchu tebe laskovo, Nezhnoj rukoju obnimu. Solnyshko ty moyo jasnoe, JA ne otdam tebja nikomu. Kak mne segodnja hochetsja, Tol'ko s toboju rjadom byt'. Skrasit' tvoyo odinochestvo, Tol'ko tebja odnu ljubit'. JA proshepchu tebe laskovo, Nezhno rukoju obnimu. Solnyshko ty moyo jasnoe, JA ne otdam tebja nikomu. JA proshepchu tebe laskovo, Nezhnoj rukoju obnimu. Solnyshko ty moyo jasnoe, JA ne otdam tebja nikomu."
55,"JA znaju - ty gotova So mnoj pomchat'sja snova Tuda, gde budut tancy, Tancy do utra. Ty, kak vsegda, soglasna, I mne predel'no jasno, CHto nachalas' dlja nas Bezumnaja igra. Pripev: Odezhda padaet vniz, Plastinki kruzhitsja disk, Ham horosho v krugu tvoih druzej. Zdes' neznakomyh net lic, Dvizhen'ju netu granic, I vmeste nam veselej, I vmeste nam veselej… Sosedjam net pokoja, Tancuju ja s toboju, Ves' den' igraet Muzyka tvoja. I ty na vsyo soglasno, I mne predel'no jasno, CHto veselit'sja budem S nochi do utra. Odezhda padaet vniz, Plastinki kruzhitsja disk, Ham horosho v krugu tvoih druzej. Zdes' neznakomyh net lic, Dvizhen'ju netu granic, I vmeste nam veselej, La la la la la la La la la la la la La la la la la la La la la la la la La la la la la la"
56,"Kak-to u menja sobralis' druz'ja, Tol'ko ty odna ne prishla. V den' rozhdenija priglashenija Poluchala ty tochno znaju ja. CHto zhe ne prishla? Mozhet, ne smogla? Mozhet byt', zabyla i obizhena? Ili ja horosh slishkom dlja tebja, Ili mozhet ty slishkom skromnaja? Vse govorjat ja samyj luchshij paren' v ehtom dvore. JA nravljus' vsem, no pochemu-to tol'ko ne tebe. A ty guljaesh' i ne znaesh' nichego obo mne - O samom luchshem, samom luchshem parne na zemle! Vse govorjat ja samyj luchshij paren' v ehtom dvore. JA nravljus' vsem, no pochemu-to tol'ko ne tebe. A ty guljaesh' i ne znaesh' nichego obo mne - O samom luchshem, samom luchshem parne na zemle! Govorjat druz'ja: ""Ty ne v tu vljublen! U nee takih million!"" Esli b znala ty, kak skuchaju ja, Kak tvoeju krasotoju okrylen. CHto zhe ty molchish'? CHto zhe ne zvonish'? CHto zhe ne prihodish', po nocham ne spish'? Ili ja horosh slishkom dlja tebja, Ili ty takaja nepristupnaja? Vse govorjat ja samyj luchshij paren' v ehtom dvore. JA nravljus' vsem, no pochemu-to tol'ko ne tebe. A ty guljaesh' i ne znaesh' nichego obo mne - O samom luchshem, samom luchshem parne na zemle! Vse govorjat ja samyj luchshij paren' v ehtom dvore. JA nravljus' vsem, no pochemu-to tol'ko ne tebe. A ty guljaesh' i ne znaesh' nichego obo mne - O samom luchshem, samom luchshem parne na zemle! Vse govorjat ja samyj luchshij paren' v ehtom dvore. JA nravljus' vsem, no pochemu-to tol'ko ne tebe. A ty guljaesh' i ne znaesh' nichego obo mne - O samom luchshem, samom luchshem parne na zemle!"
57,"Vidish' menja v poslednij raz, JA uhozhu s toboj proszajas'. Pust' vsja ljubov', chto byla u nas V serdce tvoem ne ugasaet. Ty ne izmenish', ne pridash' I ne sovryosh' pro to, chto bylo. Pust' znaet vsyo rebenok nash, Kak ja ljubil, kak ty ljubila. Mne nelegko — tjazhelo sejchas, Bez tvoih glaz, bez tvoej ulybki Pust' nahozhus' daleko ot vas - Tak ja plachu za svoi oshibki. Kazhduju noch' vspominaju dom, V serdce toska i sovsem ne spitsja. Boga molju tol'ko ob odnom Pust' mne synishka nash prisnitsja. Ty nazovi ego kak menja, I tak ljubi, kak menja ljubila I podari vsyo, chto est' u tebja Vsju teplotu, chto v dushe hranila. Ty nazovi ego kak menja, I tak ljubi, kak menja ljubila I podari vsyo, chto est' u tebja Vsju teplotu, chto v dushe hranila. V tyomnom vagone pustota, Lish' za oknom listva kruzhitsja Vmeste s listvoj proletjat goda A nasha ljubov' ne povtoritsja. No ty ne izmenish', ne pridash' I ne sovryosh' pro to, chto bylo Pust' znaet vsyo rebenok nash, Kak ja ljubil, kak ty ljubila Ty nazovi ego kak menja, I tak ljubi, kak menja ljubila I podari vsyo, chto est' u tebja Vsju teplotu, chto v dushe hranila. Ty nazovi ego kak menja, I tak ljubi, kak menja ljubila I podari vsyo, chto est' u tebja Vsju teplotu, chto v dushe hranila."
58,"Esli ty razljubila i vsyo zabyla, Luchshe menja ne zovi, ne zovi, ne zovi... Esli v serdce ljubov' eszyo ne ostyla, Nezhno menja obnimi... Obnimi, obnimi menja, menja... Esli ty razljubila i vsyo zabyla, Luchshe menja ne zovi, Esli v serdce ljubov' eszyo ne ostyla, Nezhno menja obnimi Esli ty razljubila i vsyo zabyla, Luchshe menja ne zovi, ne zovi, ne zovi... Esli v serdce ljubov' eszyo ne ostyla, Nezhno menja obnimi... Obnimi, obnimi menja, menja..."
59,"Ty ostalas' doma, ty sidish' odna, Ni druzej, ni podrug, ty nikomu ne nuzhna. Dazhe luchshij drug bol'she ne pridyot, Ty privykla k tomu, chto tebe navezet. Tol'ko ja, durak, za oknom brozhu, ""JA tebja ljublju,"" - na asfal'te pishu, Slovno mne opjat' vosemnadcat' let, A ot mamy slyshu: ""Eyo doma net, eyo doma net..."" Ty ostalas' doma, ty sidish' odna, Snova pod zamkom ty nakazana. I proszenija luchshe ne prosit', Mamu stroguju ne ugovorit' Tol'ko ja odin v dver' tvoju zvonju, ""Otpustite doch',"" - mame govorju, I v kotoryj raz slyshu ja v otvet: ""Eyo doma net"". Doma ne sidi, ne sidi odna, JA tebja proshu - ne shodi s uma. JA tebja hochu ot grusti uvesti... Mama, otpusti dochku, otpusti Doma ne sidi, ne sidi odna, JA tebja proshu - ne shodi s uma. JA tebja hochu ot grusti uvesti... Mama, otpusti dochku, otpusti JA tebja proshu - ruk ne opuskaj, Ne rugaj sud'bu i ne unyvaj, Ved' s toboju my, luchshie druz'ja. Zavtra rovno v shest' budu u tebja. Takzhe budu ja za oknom brodit', Takzhe budu ja v dver' tvoju zvonit', Poproshu u mamy vsyo tebe prostit', Dochku otpustit'… Doma ne sidi, ne sidi odna, JA tebja proshu - ne shodi s uma. JA tebja hochu ot grusti uvesti... Mama, otpusti dochku, otpusti Doma ne sidi, ne sidi odna, JA tebja proshu - ne shodi s uma. JA tebja hochu ot grusti uvesti... Mama, otpusti dochku, otpusti Doma ne sidi, ne sidi odna, JA tebja proshu - ne shodi s uma. JA tebja hochu ot grusti uvesti... Mama, otpusti dochku, otpusti Doma ne sidi, ne sidi, ne sidi. Doma ne sidi, ne sidi, ne sidi."
60,"Ty na proszanie mne, Vsego lish' paru slov, Uspela skazat'. CHto uletaesh' ty, Kuda-to daleko, No budish' ochen' dolgo zhdat'. Ne znaju gde iskat', Kuda k tebe bezhat', CHtob rasstojanie preodolet'. No neizvestno mne, Kuda k tebe letet', I ostaetsja tol'ko pet'. Za svoeju mechtoju, Polechu za toboju, Letaja v oblakah. JA ne vstrechus' s toboju, I ostanus' zvezdoju. V tvoih nezhnyh, Laskovyh glazah. Dazhe v sneg i morozy, Dazhe v buri i grozy. Budish' pomnit' ty o tom, CHto sogreet tebja, Moi tyoplye slyozy. I prol'jutsja prolivnym dozhdyom. Dozhdyom. JA na proszanie, Vsego lish' paru slov, Uspel skazat'. Kak ja tebja ljublju, I v serdce sohranju. Nadezhdu vstretit'sja opjat'. Vzletaet samolyot, I v dal' menja nesyot, Kuda ne znaju ja. Kak mnogo raznyh stran, Kak mnogo gorodov, No ne najti mne tam tebja. Za svoeju mechtoju, Polechu za toboju, Letaja v oblakah. JA ne vstrechus' s toboju, I ostanus' zvezdoju. V tvoih nezhnyh, Laskovyh glazah. Dazhe v sneg i morozy, Dazhe v buri i grozy. Budish' pomnit' ty o tom, CHto sogreet tebja, Moi tyoplye slyozy. I prol'jutsja prolivnym dozhdyom. Dozhdyom."
61,"Tiho svetit luna. Tam vdali za rekoju, Po shirokoj trope Proskakali kovboi. Troe rezvyh konej, Tri nozha, tri nagana, Troe smelyh druzej, Tri lihih mal'chugana. Troe slezli s konej, Sapogi potjanuli, I v otkrytuju dver' Troe smelo shagnuli. Tiho svetit luna. Tam vdali za rekoju, Za shirokim stolom Pirovali kovboi. Vhodit shajka parnej - CHelovek devjatnadcat', I kovbojam oni Predlagajut ubrat'sja. Pervym vstal ataman - Zahotel razobrat'sja, I tomu, kto ne prav, Zdes' pridyotsja ostat'sja. Tiho svetit luna. Tam vdali za rekoju, Po shirokoj trope Proskakali kovboi. Dvoe rezvyh konej, Dva nozha, dva nagana, Dvoe smelyh druzej, Tol'ko net atamana..."
62,"A kuda segodnja edu ja? A chtob najti segodnja tebja. A so mnoj edet luchshij drug, Ham hochetsja najti podrug. A na ulice teplo, A edem my uzhe davno, A gde najti devchonok nam, Dvum vesyolym pacanam? Hu gde zhe vy, devchonki, devchonki, devchonki, Korotkie jubchonki, jubchonki, jubchonki? A, kak obidno pacanam. A, chto zhe, chto zhe delat' nam? A, gde devchonok otyskat', A, chtoby ih ocharovat'? ""EHj!"" - vsled devchonkam ja krichu, - ""EHj, sadis', devchonki, prokachu!"" - Ho ne zametjat nas oni, I opjat' v mashine my odni. Hu gde zhe vy, devchonki, devchonki, devchonki, Korotkie jubchonki, jubchonki, jubchonki? A na ulice temno, A ljudi uzhe spjat davno, A tol'ko my odni ne spim, Aj, poznakomitsja hotim. A net devchonok - vot beda. A nam uzhe domoj pora, Ho zavtra vecherom opjat' Budem my ljubov' iskat'. Hu gde zhe vy, devchonki, devchonki, devchonki, Korotkie jubchonki, jubchonki, jubchonki?"
63,"JA ne mogu tebe pomoch', Menja laskaj ty - ne laskaj. Goni menja skoree proch', Menja k sebe ne podpuskaj. Ty ne prosi, ne umoljaj, Ljubov' zakonchilas' davno. Moim gubam ne doverjaj Oni obmanut vsyo ravno. Udar' menja, uzhal' menja Igloju revnosti svoej. CHto rjadom ty, chto net tebja, Mne stalo vsyo ravno teper'. Proshu ujdi, proshu otstan', Ustal s toboj v ljubov' igrat'. Proshu, rodnaja, perestan' Mne kazhdyj den' nadoedat'. Luchshe ty menja progoni, Mezhdu nami snova sneg i stuzha. Luchshe ja umru bez ljubvi, Nu, zachem tebe takoj ja nuzhen? Luchshe ty menja progoni, Mezhdu nami snova sneg i stuzha. Luchshe ja umru bez ljubvi, Nu, zachem tebe takoj ja nuzhen? JA ne mogu tebe pomoch', Menja laskaj ty - ne laskaj. Goni menja skoree proch', Menja k sebe ne podpuskaj. Ty ne prosi, ne umoljaj, Ljubov' zakonchilas' davno. Moim gubam ne doverjaj Oni obmanut vsyo ravno Luchshe ty menja progoni, Mezhdu nami snova sneg i stuzha. Luchshe ja umru bez ljubvi, Nu, zachem tebe takoj ja nuzhen? Luchshe ty menja progoni, Mezhdu nami snova sneg i stuzha. Luchshe ja umru bez ljubvi, Nu, zachem tebe takoj ja nuzhen? Luchshe ty menja progoni, Mezhdu nami snova sneg i stuzha. Luchshe ja umru bez ljubvi, Nu, zachem tebe takoj ja nuzhen? Luchshe ty menja progoni, Mezhdu nami snova sneg i stuzha. Luchshe ja umru bez ljubvi, Nu, zachem tebe takoj ja nuzhen?"
64,"Vse govorjat, ty nekrasiva I ne pohozha na drugih, Prjacha glaza, prohodish' mimo Odnoklassnikov svoih. Slyshish' smejutsja nad toboju I obsuzhdajut tvoj prikid. Znaesh', tebe vsego pjatnadcat'. Vremja bystro proletit! Pust' govorjat, chto ty nekrasiva, Ne krasiva i ne strojna, Pust' govorjat, chto neschastliva, Neschastlivaja! Ty ih ne slushaj, ih ne slushaj, Ty im ne ver', ne ver', ne ver', Ved' vsyo-ravno ty budesh' luchshej Devushkoj moej! Ne naznachajut parni vstrechi, I ne zovut s soboj guljat', EHto znachit, chto v ehtot vecher Budesh' plakat' ty opjat'. Pust' slyozy l'jutsja, slyozy l'jutsja, I pust' po zhizni ne vezyot, Prosto tebe vsego pjatnadcat' Skoro vsyo projdet! Pust' govorjat, chto ty nekrasiva, Ne krasiva i ne strojna, Pust' govorjat, chto neschastliva, Neschastlivaja! Ty ih ne slushaj, ih ne slushaj, Ty im ne ver', ne ver', ne ver', Ved' vsyo-ravno ty budesh' luchshej Devushkoj moej!"
65,"Pripev: JA ne pozvonju, ne izvinjus' i ne pomiluju Devochku-obmanszicu, no vse-taki ljubimuju Ty zhe bez menja propadaesh' zrja La-la-la-la-la, la-la-la-la-la Propadaesh' zrja, propadesh' zrja! JA ne mogu tebe otvetit', Gde ja provel vcherashnij vecher I pochemu tebe tak dolgo ne zvonil. Net, ty ne dumaj, ja horoshij, JA ne guljal, ja ne deboshil I o tebe, konechno, tozhe ne zabyl. Pripev: JA ne pozvonju, ne izvinjus' i ne pomiluju Devochku-obmanszicu, no vse-taki ljubimuju Ty zhe bez menja propadaesh' zrja La-la-la-la-la, la-la-la-la-la Propadaesh'! Gde zhe ty i s kem zhe ty, moja rodnaja, nosish'sja? I k komu, devchonochka moja, na ruchki prosish'sja? Ty zhe bez menja propadaesh' zrja La-la-la-la-la, la-la-la-la-la Propadaesh' zrja! Ty odnogo ne ponimaesh', Kogda drugogo obnimaesh' - CHto s nim schastlivoj ty ne budesh' nikogda. Ty vse ravno po mne skuchaesh', Sama sebja ty uprekaesh', Za to, chto ty ne mozhesh' priruchit' menja. Pripev: Ved' ja ne pozvonju, ne izvinjus' i ne pomiluju Devochku-obmanszicu, no vse-taki ljubimuju Ty zhe bez menja propadaesh' zrja La-la-la-la-la, la-la-la-la-la Propadaesh'! Gde zhe ty i s kem zhe ty, moja rodnaja, nosish'sja? I k komu, devchonochka moja, na ruchki prosish'sja? Ty zhe bez menja propadaesh' zrja La-la-la-la-la, la-la-la-la-la Propadaesh'! JA ne pozvonju, ne izvinjus' i ne pomiluju Devochku-obmanszicu, no vse-taki ljubimuju Ty zhe bez menja propadaesh' zrja La-la-la-la-la, la-la-la-la-la Propadaesh'! Gde zhe ty i s kem zhe ty, moja rodnaja, nosish'sja? I k komu, devchonochka moja, na ruchki prosish'sja? Ty zhe bez menja propadaesh' zrja La-la-la-la-la, la-la-la-la-la Propadaesh' zrja. Propadaesh' zrja..."
66,"Ne zabudu ja tebja nikogda I glaza tvoi polnye slyoz, Provozhala menja ty togda V tusklom svete serebrjanyh zvyozd. Provozhala menja ty togda V tusklom svete serebrjanyh zvyozd. Mesjac plyl - razve ehto konec?! Rasstayomsja na vek my s toboj, Zvyozdy nashi, kak schast'ja venec, Lunnyj svet goluboj, goluboj. Zvyozdy nashi, kak schast'ja venec, Lunnyj svet goluboj, goluboj. Mozhet byt' ty dozhdyosh'sja menja Ili ja do tebja doberus', No ja verju, chto vstrechu tebja I ja v ehtom tebe pokljanus'. No ja verju, chto vstrechu tebja I ja v ehtom tebe pokljanus'."
67,"Spit nochnoj prospekt, Tol'ko lunnyj svet Provozhaet menja k domu, Gde do boli vsyo znakomo, Gde s toboj vstrechali my rassvet. A teper' odin v zerkale vitrin. JA ljublju tebja, kak prezhde, I eszyo gorit nadezhda, CHto v dushe tvoej rastaet ostrov l'din. Vernis', vernis' ko mne skorej Letnej noch'ju lunnoj. Bez tebja mne trudno, Teplom svoim sogrej. Vernis', vernis' i pozabud' Vse svoi obidy, ZHizn' moja razbita! Kak mne tebja vernut'?! Snova do utra, Takzhe, kak vchera, CHasovym stoju u okon, Ves' do nitochki promok ja. Seryj dozhd' vsyo l'et, kak iz vedra. I, kak v sladkom sne, Oblik tvoj v okne JA uvidel na mgnoven'e, Kak mirazh ili videnie. I pro vsyo zabyv, Ty ulybnulas' mne. Vernis', vernis' ko mne skorej Letnej noch'ju lunnoj. Bez tebja mne trudno, Teplom svoim sogrej. Vernis', vernis' i pozabud' Vse svoi obidy, ZHizn' moja razbita! Kak mne tebja vernut'?!"
68,CHto proizoshlo? Sama ne ponimaju Pesenku odnu Ves' den' ja napevaju Vse moi druz'ja Pojut so mnoju vmeste Mozhet byt' i vy Spoete ehtu pesnju? La-la-la-la-la Ves' den' ja napevaju! La-la-la-la-la Ves' den' ja povtorjaju! S pesenkoj takoj Lozhus' i prosypajus' I v motiv prostoj Vse bol'she ja vljubljajus' Solnyshko blestit I travka zeleneet S pesenkoj moej Vam stanet veselee! Malen'kij sekret Hranitsja v ehtoj pesne La-la-la-la-la Spoem my s vami vmeste I ot ehtih slov Ne sprjatat'sja ne skryt'sja Druzhno RUKI VVERH! I budem veselit'sja... CHto proizoshlo? Sama ne ponimaju Pesenku odnu Ves' den' ja napevaju Vse moi druz'ja Pojut so mnoju vmeste Mozhet byt' i vy Spoete ehtu pesnju?
69,"Maugli, Maugli, Maugli, Maugli, CHelovecheskij detyonysh Otkuda zhe on vzjalsja. Maugli! JA budu zvat' tebja Maugli, Maugli, Maugli, CHelovecheskij detyonysh Nu chto skazhet staja CHto eszyo skazhut v dzhungli EHto budet slavnaja ohota Maugli, Maugli, Ty narushil zakon dzhunglej Poslushaj kak b'yotsja serdce. Maugli Poslushaj kak b'yotsja serdce. Maugli Otkuda zhe on Otkuda zhe on vzjalsja CHto eszyo skazhut v dzhungli Posmotrim, chto skazhet staja V stole soveta CHto eszyo skazhut v dzhungli, CHto esze, chto eszyo skazhut v dzhungli, Ty narushil zakon dzhunglej Maugli, Maugli, Maugli, Maugli, CHelovecheskij detyonysh Otkuda zhe on vzjalsja Maugli!"
70,"Kogda smotrju v tvoi glaza, JA zabyvaju obo vsem. Plenitel'naja ih krasa CHaruet bol'she s kazhdym dnem. JA ne ustanu v nih smotret' Ni dnem, ni noch'ju, nikogda! Menja v ljuboj moroz sogret' Tvoih glaz mozhet teplota. Devchonka, ja ljubja, Vse zvezdy dlja tebja, Dostanu s neba dlja tebja, devchonka. Kak ehho povtorju, Sto raz ja povtorju: ""Tebja odnu ljublju. Tebja, devchonka."" Kogda smotrju v tvoi glaza, V nih pticu schast'ja ja lovlju. I hochetsja tebe skazat': ""Devchonka, ja tebja ljublju!"" Vse mysli tol'ko ob odnom: Glaza, kotoryh net rodnej I ne mogu priznat'sja v tom Tebe ja vot uzh mnogo dnej."
71,"Nachinaem ocherednoe zanjatie autogennoj trenirovkoj Lico vashe prinjalo vyrazhenie spjaszego cheloveka Muzyka vam pomozhet rasslabit'sja, uspokoit'sja Zapomnite - Vodka ehto jad dlja dushi i tela Bud'te zdorovy! Kak tol'ko ja proiznesu slovo ""vodka"" U vas pojavitsja gorech' vo rtu, sljuna Zapah vodki vam protiven Vodka, vodka, vodka, vodka Vy zahoteli stat' trezvennikom Vo vremja zastol'ja vy spokojno smotrite Na butylki s gorjachitel'nymi napitkami Vam prijatno pit' soki, kompoty, mineral'nye vody Vy spokojno uklonjaetes' ot predlozhenija vypit' U vas pojavilos' nepreodolimoe zhelanie rabotat' na proizvodstve Rabotat' v sadu, na ogorode, lovit' rybu Zanimat'sja fizicheskoj kul'turoj i ljubimymi delami Vodka - ehto jad dlja dushi i tela Zapomnite, zapomnite, zapomnite, - Vodka ehto jad dlja dushi i tela! Muzyka vam pomozhet lovit' rybu, lovit' rybu Serdce rabotaet rovno, spokojno, ritmichno Ocherednoe zanjatie zakanchivaetsja Vy zahoteli stat' trezvennikom Bud'te zdorovy!"
72,"JA tebja ukradu, JA s toboju propadu. Esli milyj tvoj pridet, Oh, emu i popadet! JA tebja ukradu, JA s toboju propadu. Esli milyj tvoj pridet, Oh, emu i popadet! A ty segodnja ne odna Sidish' spokojno u okna. A ja tebja ne uznaju I vzgljad tainstvennyj lovlju. Zachem ty smotrish' na menja, Ulybkoju svoej manja? Ved' ja mogu i podojti, Tebja s soboju uvezti. JA tebja ukradu, JA s toboju propadu. Esli milyj tvoj pridet, Oh, emu i popadet! JA tebja ukradu, JA s toboju propadu. Esli milyj tvoj pridet, Oh, emu i popadet! JA tebja ukradu, JA s toboju propadu. Esli milyj tvoj pridet, Oh, emu i popadet! JA tebja ukradu, JA s toboju propadu. Esli milyj tvoj pridet, Oh, emu i popadet! Ne znaju, kak mne dal'she zhit'. Tebja ljubit' ili zabyt'? I kazhdyj vecher vspominat', I tvoego reshenija zhdat'. Zachem smotrela na menja, Ulybkoju svoej manja? Zachem k tebe ja podoshel? Da, luchshe b ja domoj poshel. JA tebja ukradu, JA s toboju propadu. Esli milyj tvoj pridet, Oh, emu i popadet! JA tebja ukradu, JA s toboju propadu. Esli milyj tvoj pridet, Oh, emu i popadet! JA tebja ukradu, JA s toboju propadu. Esli milyj tvoj pridet, Oh, emu i popadet! JA tebja ukradu, JA s toboju propadu. Esli milyj tvoj pridet, Oh, emu i popadet! JA tebja ukradu, JA s toboju propadu. Esli milyj tvoj pridet, Oh, emu i popadet! JA tebja ukradu, JA s toboju propadu. Esli milyj tvoj pridet, Oh, emu i popadet! JA tebja ukradu, JA s toboju propadu. Esli milyj tvoj pridet, Oh, emu i popadet! JA tebja ukradu, JA s toboju propadu. Esli milyj tvoj pridet, Oh, emu i popadet!"
73,"Mjagkij shyolk prostynej Mne napomnit nezhnost' ruki tvoej. Mne ne spitsja opjat' V ehtu noch' mogu ja lish' mechtat'. JA bez tebja ne zhivu, ne poju Lish' o tebe mechtaja. Tol'ko sejchas nachal ja ponimat', Kak mne tebja ne hvataet. JA ne hochu, chtoby videla ty, Kak ja tihon'ko plachu. Guby tvoi vytrut slyozy moi, JA ne mogu inache. CHto zhe ty, moj malysh, Vsyo nikak mne ehto ne prostish'? To chto ja daleko, my ne videlis' s toboj davno. JA bez tebja ne zhivu, ne poju Lish' o tebe mechtaja. Tol'ko sejchas nachal ja ponimat', Kak mne tebja ne hvataet. JA ne hochu, chtoby videla ty Kak ja tihon'ko plachu. Guby tvoi vytrut slyozy moi JA ne mogu inache. JA bez tebja ne zhivu, ne poju Lish' o tebe mechtaja. Tol'ko sejchas nachal ja ponimat', Kak mne tebja ne hvataet. JA ne hochu, chtoby videla ty Kak ja tihon'ko plachu. Guby tvoi vytrut slyozy moi JA ne mogu inache."
74,"Veter shumit negromko, listva shelestit v otvet, Idyot ne spesha devchonka, devchonke 16 let. No v svoi let 16, mnogo uznala ona: V krepkih muzhskih ob#jat'jah stol'ko nochej provela. CHuzhie guby tebja laskajut, chuzhie guby shepchut tebe, CHto ty odna ty odna takaja, CHuzhaja stala sama sebe. Slovno v hmel'nom tumane kruzhitsja golova. Sogreta chuzhimi rukami, shepchesh' bessvjazno slova, I ponimaesh' s grust'ju, chto ne ljubimyj s toboj, Bol' tebja ne otpustit, slyozy tekut ruch'yom. CHuzhie guby tebja laskajut, chuzhie guby shepchut tebe, CHto ty odna ty odna takaja, CHuzhaja stala sama sebe. Ostanovis', poslushaj, ty zhe drugoju byla, Stala dlja nih igrushkoj, razve ne vidish' sama?! Schitaesh' sebja korolevoj, oni zhe smejutsja v otvet, Vot kak ljubov' terjajut v junyh 16 let. CHuzhie guby tebja laskajut, chuzhie guby shepchut tebe, CHto ty odna ty odna takaja, CHuzhaja stala sama sebe."
75,"Kroshka moja, ja po tebe skuchaju. JA ot tebja pis'ma ne poluchaju. Ty daleko i dazhe ne skuchala, No ja vernus', vernus', chtob ty uznala... CHto ja daleko, ja po tebe skuchaju. JA ot tebja pis'ma ne poluchaju Ty daleko i dazhe ne skuchaesh', No ja vernus', vernus', i ty uznaesh', CHto ja daleko ot tebja... Ty obeszala napisat', obeszala rasskazat', Kak zhivesh', kak tebe tam slozhno. Ty obeszala dolgo zhdat', i stradat', I sgorat' ot ljubvi, no ehto ne vozmozhno! Net, net ni strochki ot tebja Ni slovechka ot tebja, zrja poveril ja tvoim priznanijam. Da, mozhet ehto bylo zrja, mozhet ehto bylo zrja Ty skazhi, chto uzh za nakazanie... Kroshka moja, ja po tebe skuchaju. JA ot tebja pis'ma ne poluchaju Ty daleko i dazhe ne skuchaesh', No ja vernus', vernus', i ty uznaesh', CHto ja daleko ot tebja... CHto, chto esze proizoshlo, stol'ko vremeni proshlo? Ty ne edesh', ne zvonish', ne pishesh'. Da, mozhet byt' tvoe pis'mo zaterjalos', ne doshlo. Napishi esze razok, ty slyshish'? Vse, vse otlichno u menja, doma zhdut menja druz'ja. Govorjat, chto ty po mne skuchaesh'... Vot, vot devchonki, tak vsegda ZHdet soldat ot vas pis'ma, a dojdet 100 raz perechitaet... Kroshka moja, ja po tebe skuchaju. JA ot tebja pis'ma ne poluchaju Ty daleko i dazhe ne skuchaesh', No ja vernus', vernus', i ty uznaesh', CHto ja daleko, ja po tebe skuchaju. JA ot tebja pis'ma ne poluchaju. Ty daleko i dazhe ne skuchala, No ja vernus', vernus', chtob ty uznala... CHto ja daleko ot tebja..."
76,"Vidno byl tot den' Samym jarkim dnem. I schitali my - Net konca emu. I smejalis' my, Pozabyv o tom, CHto na svete est' Predel vsemu, Predel vsemu. Trudno predstavit' - Vse vdrug ischezlo bez sleda! Vot i rasstalis', vot i rasstalis' navsegda. Vot i rasstalis', vot i rasstalis', I vozvratit' vse nazad ne pytalis'. Mnogo dnej podrjad, Ochen' dolgih dnej JA tverzhu sebe, CHto projdet groza. Ulybajus' ja, Tol'ko vse sil'nej Na lice moem Grustjat glaza, Grustjat glaza. Trudno predstavit' - Vse vdrug ischezlo bez sleda! Vot i rasstalis', vot i rasstalis' navsegda. Vot i rasstalis', gor'kaja fraza Znaju, privyknet k nej serdce ne srazu! Trudno predstavit' - Vse vdrug ischezlo bez sleda! Vot i rasstalis', vot i rasstalis' navsegda. Vot i rasstalis', vot i rasstalis', I vozvratit' vse nazad ne pytalis'. Vot i rasstalis'."
77,"Do chego zh ja nevezuchij, Do chego zh ja nevezuchij Tak hotel tebja uvidet' i opjat' ne povezlo. CHem sebja naprasno muchit' JA vljubljus' v druguju luchshe Vot uvidish', vot uvidish' ja vljubljus' tebe nazlo... Slovno plyl rekoj shirokoj, Slovno plyl rekoj shirokoj I na samoj seredine unesla volna veslo Ot nadezhdy malo proku Do chego zh mne odinoko Vot uvidish', vot uvidish' ja vljubljus' tebe nazlo... Ty drugoj uzhe ne stanesh', Ty drugoj uzhe ne stanesh' Ubedit' hochu ja serdce, v tom, chto vse davno proshlo Tol'ko serdce ne obmanesh' Dazhe esli povtorjaesh' Vot uvidish', vot uvidish' ja vljubljus' tebe nazlo... Vot uvidish', vot uvidish', vot uvidish' ja vljubljus' tebe nazlo… Do chego zh ja nevezuchij, Do chego zh ja nevezuchij Tak hotel tebja uvidet' i opjat' ne povezlo. CHem sebja naprasno muchit' JA vljubljus' v druguju luchshe Vot uvidish', vot uvidish' ja vljubljus' tebe nazlo... Vot uvidish', vot uvidish', vot uvidish' ja vljubljus' tebe nazlo… "
78,"Ne syp' mne sol' na ranu, Ne govori navzryd, Ne syp' mne sol' na ranu, Ona esze bolit. Ne syp' mne sol' na ranu, Ne govori navzryd, Ne syp' mne sol' na ranu, Ona esze bolit. Nu pochemu menja ne lechit vremja, Ved' stol'ko dnej proshlo s toj chernoj nochi, Kogda zahlopnuv dver' ushla ty v temen', A rana zazhivat' nikak ne hochet. Zachem zvonit', kogda pochti usnuli Vospominanija o minuvshej boli. My kalendar' s toboj perevernuli, Tak daj mne pravo zhit' svoej sud'boju. Pripev: Ne syp' mne sol' na ranu, Ne govori navzryd, Ne syp' mne sol' na ranu, Ona esze bolit. Ne syp' mne sol' na ranu, Ne govori navzryd, Ne syp' mne sol' na ranu, Ona esze bolit. Kogda-nibud' esze raz pozvonish' ty, I ja, chtob my s toboju stali kvity, Tebe otvechu: Znaesh', tretij lishnij, Byt' mozhet polosnuv po rane britvoj. Zachem zvonit' kogda pochti usnuli Vospominanija o minuvshej boli, My kalendar' s toboj perevernuli, Tak daj mne pravo zhit' svoej sud'boju. Ne syp' mne sol' na ranu, Ne govori navzryd, Ne syp' mne sol' na ranu, Ona esze bolit. Ne syp' mne sol' na ranu, Ne govori navzryd, Ne syp' mne sol' na ranu, Ona esze bolit. Ne syp' mne sol' na ranu, Ne govori navzryd, Ne syp' mne sol' na ranu, Ona esze bolit. Ne syp' mne sol' na ranu, Ne govori navzryd, Ne syp' mne sol' na ranu, Ona esze bolit. Ne syp' mne sol' na ranu, Ne govori navzryd, Ne syp' mne sol' na ranu, Ona esze bolit. Ne syp' mne sol' na ranu, Ne govori navzryd, Ne syp' mne sol' na ranu, Ona esze bolit."
79,"Mog li ja podumat', CHto vot tak vse vyjdet, CHto v odnu minutu Vse razveetsja kak dym. Oshibki byt' ne mozhet, JA sam segodnja videl, Ty shla s drugim, Ty shla s drugim... Tak vot kakaja ty, A ja daril cvety, A ja s uma shodil Ot ehtoj krasoty,- Tak vot kakaja ty, Nadezhdy i mechty Ty podarila I razbila ty! Lish' vchera byla ty, Vseh na svete blizhe. Lish' vchera ja veril, CHto toboju ja ljubim. No lish' glaza prikroju I vizhu, snova vizhu, Kak ty s drugim idesh', Idesh' s drugim... Schastliv tot ne budet, Kto ljubov' obidel, Kto smejat'sja mozhet Tak nad samym dorogim. I, chto ne govori ty, JA sam segodnja videl - Ty shla s drugim, Ty shla s drugim... "
80,"U pod#ezda kto sidit celyj den' obychno I na vseh vsegda serdit i vorchit privychno, Kto rugaet sneg za sneg, Dozhd' za dozhd' rugaet I, konechno, luchshe vseh vse na svete znaet. Kto k komu kogda prishel, kto chego narushil- Vse izvestno horosho babushkam-starushkam, Pokachajut golovoj strogo i surovo I boitsja ih poroj dazhe uchastkovyj. Babushki, babushki, babushki-starushki, Babushki, babushki, - ushki na makushke. Babushki, babushki, my vas uvazhaem. Tol'ko kak vas ponjat', my, uvy, ne znaem. Babushki, babushki, babushki-starushki, Babushki, babushki, - ushki na makushke. Babushki, babushki, my vas uvazhaem. Tol'ko kak vas ponjat', my, uvy, ne znaem. Babushki, babushki, babushki-starushki, Babushki, babushki, - ushki na makushke. Babushki, babushki, my vas uvazhaem. Tol'ko kak vas ponjat', my, uvy, ne znaem."
81,"Lish' pozavchera nas sud'ba svela A do ehtih por gde zhe ty byla? Razve ty prijti ran'she ne mogla? Gde zhe ty byla, nu gde zhe ty byla? Skol'ko raz cvela letnjaja zarja, Skol'ko raz vesna prihodila zrja! V zvyozdah za oknom, plyli vechera. A prishla ty lish' pozavchera! Skol'ko dnej poterjano! Ih vernut' nel'zja, ih vernut' nel'zja! Padala listva i metel' mela. Gde zhe ty byla? Pust' ja tvoego imeni ne znal, No tebja ja zval, dnyom i noch'ju zval! I opjat' menja obstupala mgla. Gde zhe ty byla, nu gde zhe ty byla? Trudno rasskazat', kak do ehtih dnej ZHil na svete ja bez ljubvi tvoej. S kem-to provodil dni i vechera. A nashyol tebja pozavchera! Skol'ko dnej poterjano! Ih vernut' nel'zja! Padala listva i metel' mela. Gde zhe ty byla? Skol'ko dnej poterjano! Ih vernut' nel'zja! Padala listva i metel' mela. Gde zhe ty byla?"
82,"Ty mne ne snish'sja vot uzh nedelju Sny proletajut beloj metel'ju Sny proletajut sineju pticej V oblake tajut kak nebylicy Ty mne ne snish'sja, ja tebe tozhe, I nichego my sdelat' ne mozhem. Slovno chuzhie stali drug drugu I mezhdu nami, i mezhdu nami belaja v'juga Ty mne ne snish'sja, - kto zh tut vinoju Esli oshibku zvali ljubov'ju. Sami nazvali, sami reshili Ne ponimaja, chto pospeshili. Ty mne ne snish'sja, ja tebe tozhe, I nichego my sdelat' ne mozhem. Slovno chuzhie stali drug drugu I mezhdu nami, i mezhdu nami belaja v'juga Ty mne ne snish'sja, stalo byt' jasno Novoj ne budet staraja skazka. Staraja pesnja novoj ne stanet Dva serdca vmeste pet' ne zastavit."
83,"Prishel tuman, postuchal v doma, SHal'ju sineju obnjal sad. Tak uzh bylo raz v predrassvetnyj chas, Bylo neskol'ko let nazad. Prishel tuman, svel menja s uma, Obognat' ego netu sil. On rastajal sam I na nebesah Nochku sinjuju pogasil. Sinij tuman, Pohozh na obman, Pohozh na obman, Sinij tuman, Sinij tuman. Sinij tuman, Pohozh na obman, Pohozh na obman, Sinij tuman, Sinij tuman. Prishel tuman, on kak trav durman, Oh, kak kruzhitsja golova. Tak uzh bylo raz u dvoih u nas, Vse slova odni, vse slova. Prishel tuman, postuchal v doma, Uhodi, tuman, uhodi! Vse davno proshlo, Na dushe svetlo I pechali vse pozadi. Sinij tuman, Pohozh na obman, Pohozh na obman, Sinij tuman, Sinij tuman. Sinij tuman, Pohozh na obman, Pohozh na obman, Sinij tuman, Sinij tuman. Sinij tuman, Pohozh na obman, Pohozh na obman, Sinij tuman, Sinij tuman. Sinij tuman, Pohozh na obman, Pohozh na obman, Sinij tuman, Sinij tuman."
84,"JA bojus' tvoej ljubvi, To holodnoj, to gorjachej. JA bojus' tvoej ljubvi, To slepoj, to slishkom zrjachej. JA bojus' tvoej ljubvi, Kak ognja bojatsja ljudi. JA bojus' tvoej ljubvi I bojus', chto ty razljubish'. Kto-to zazheg opjat' V nebe nashu zvezdu. Brosilos' vremja vspjat', I ja k tebe idu. Ty govorish': Privet!, CHto-to v dushe taja, I vykljuchaesh' svet, ZHdesh'... nu a ja, a ja... JA bojus' tvoej ljubvi, To holodnoj, to gorjachej. JA bojus' tvoej ljubvi, To slepoj, to slishkom zrjachej. JA bojus' tvoej ljubvi, Kak ognja bojatsja ljudi. JA bojus' tvoej ljubvi I bojus', chto ty razljubish'. Mne ne zabyt', ne szhech' Pamjat' teh luchshih dnej. Tol'ko slova, kak smerch, ZHgut vse bol'nej, bol'nej. Vot uzhe mnogo let Ty i moja - ne moja. Vnov' vykljuchaesh' svet ZHdesh'... nu a ja, a ja, a ja... JA bojus' tvoej ljubvi, To holodnoj, to gorjachej. JA bojus' tvoej ljubvi, To slepoj, to slishkom zrjachej. JA bojus' tvoej ljubvi, Kak ognja bojatsja ljudi. JA bojus' tvoej ljubvi I bojus', chto ty razljubish'. JA bojus' tvoej ljubvi, To holodnoj, to gorjachej. JA bojus' tvoej ljubvi, To slepoj, to slishkom zrjachej. JA bojus' tvoej ljubvi, Kak ognja bojatsja ljudi. JA bojus' tvoej ljubvi I bojus', chto ty razljubish'."
85,"Kogda ljubov' issjaknet Ne govori proszaj mne, Ne govori proszaj. Kogda na serdce kamen' Ty lishnih slov ne obeszaj mne, Ne obeszaj. JA zhdu Kogda vernyotsja ehta noch' JA zhdu Kogda pridyot moja ljubov' JA zhdu V poslednij raz zabyv mechtu JA zhdu, ja zhdu, ja zhdu. V poslednij raz proszajas' Na veke rasstavajas' s toboj, S toboj. V poslednij raz proshu ja Vsego lish' poceluja ja tvoj, Ty moj ty moj. JA zhdu Kogda vernyotsja ehta noch' JA zhdu Kogda pridyot moja ljubov' JA zhdu V poslednij raz zabyv mechtu JA zhdu, ja zhdu, ja zhdu. JA tak hochu, chtoby moi mechty Prevratilis' v ljubov' Vse moi sny tol'ko o tebe JA zhdu Moi mechty - ehto moja ljubov', Ljubov', kotoruju ja podarju tol'ko tebe JA zhdu ja zhdu Kogda vernyotsja ehta noch' JA zhdu ja zhdu Kogda pridyot moja ljubov' JA zhdu V poslednij raz zabyv mechtu JA zhdu, ja zhdu JA zhdu Kogda vernyotsja ehta noch' JA zhdu Kogda pridyot moja ljubov' JA zhdu V poslednij raz zabyv mechtu JA zhdu ja zhdu ja zhdu JA zhdu Kogda vernyotsja ehta noch' JA zhdu Kogda pridyot moja ljubov' JA zhdu V poslednij raz zabyv mechtu JA zhdu, ja zhdu, ja zhdu JA zhdu Kogda vernyotsja ehta noch' JA zhdu ja zhdu Kogda pridyot moja ljubov' JA zhdu V poslednij raz zabyv mechtu JA zhdu, ja zhdu"
86,"My znakomy s toboj, Den' i nochi toboj polny, So svetom tvoim merknet svet solnca i luny. Tvoi nezhnye guby, Tvoj shikarnyj narjad, I vse vokrug lish' na tebja gljadjat. Ty kiska chto na nado, Vot ej bogu ne vru, No ne dumaj podruga bez tebja ja ne umru. Prosto nravish'sja ty mne, Mne horosho s toboj, Mne po kajfu, ostal'noe vse doloj. Mne po kajfu tvoj vzgljad. Mne po kajfu tvoj stil'. Mne po kajfu tvoe proiznoshenie slov. JA tebe ochen' rad Vse, chto hochesh' prosi Dlja tebja, krome shutok, na vse ja gotov. JA tochno znaju, CHto tebe sejchas nuzhno. Moi guby, ruki - rabotat' budut druzhno. Ty zabudesh' obo vsem, Tebe budet atasno, I vremja s toboj my provedem prekrasno. Naplevat' na to chto budet, Ne hochu ob ehtom dumat'. Uspokojsja, a to ja mogu ved' peredumat', Esli hochesh' obeszanija, No tol'ko ne sejchas. Mne po kajfu ty, ostal'noe ne dlja nas.  Mne po kajfu tvoj vzgljad. Mne po kajfu tvoj stil'. Mne po kajfu tvoe proiznoshenie slov. JA tebe ochen' rad Vse, chto hochesh' prosi Dlja tebja, krome shutok, na vse ja gotov. Mne po kajfu tvoj vzgljad. Mne po kajfu tvoj stil'. Mne po kajfu tvoe proiznoshenie slov. JA tebe ochen' rad Vse, chto hochesh' prosi Dlja tebja, krome shutok, na vse ja gotov."
87,"JA ne mogu ogljanut'sja nazad, Bojus' uvidet' holodnyj tvoj vzgljad, Nu pochemu, tak sluchilos' opjat', JA ne hochu tebja bol'she terjat'! Opjat' odin i vokrug pustota, I pogloszaet menja temnota. Ne zamechaja ni nochi, ni dnja JA tak hochu najti tebja... Raz, dva, tri, chetyre, pjat'! JA idu tebja iskat', JA idu tebja iskat', Ne nahozhu tebja opjat'! Raz, dva, tri, chetyre, pjat'! JA idu tebja iskat', JA idu tebja iskat', Ne nahozhu tebja opjat'! Raz, dva, tri, chetyre, pjat'! JA idu tebja iskat', JA idu tebja iskat', Ne nahozhu tebja opjat'! Raz, dva, tri, chetyre, pjat'! JA idu tebja iskat', JA idu tebja iskat', Ne nahozhu tebja opjat'!"
88,"Ty — nezhnost' cvetov, Zabytaja tajna, JA byl by gotov S toboj okazat'sja sluchajno V tom mire, gde my Odni navsegda budem vmeste, I slovno cvety Darju ja tebe ehtu pesnju. EHto tvoj poslednij poceluj, Tak trudno otorvat'sja, Ogon' svechi zaduj, I nam pora proszat'sja. Prosti menja za vsyo! Prosti za vsyo na svete, Kak zhal', chto nam s toboj Nel'zja ostat'sja vmeste! O vstrechah zabud', Zabud' pocelui i laski, Da, ih ne vernut', Vsyo bylo pohozhe na skazku. Tvoj golos — ruchej, Glaza slovno omut vesennij, Pridi poskorej, I ja poproshu proszen'ja. Poslednij poceluj Tak trudno otorvat'sja, Ogon' svechi zaduj, I nam pora proszat'sja. Prosti menja za vsyo! Prosti za vsyo na svete, Kak zhal', chto nam s toboj Nel'zja ostat'sja vmeste! EHto tvoj poslednij poceluj, Tak trudno otorvat'sja, Ogon' svechi zaduj, I nam pora proszat'sja. Prosti menja za vsyo! Prosti za vsyo na svete, Kak zhal', chto nam s toboj Nel'zja ostat'sja vmeste! Poslednij poceluj Tak trudno otorvat'sja, Ogon' svechi zaduj, I nam pora proszat'sja. Prosti menja za vsyo! Prosti za vsyo na svete, Kak zhal', chto nam s toboj Nel'zja ostat'sja vmeste!"
89,"U menja sejchas odna problema: Nauchit' tebja dvigat' telom. I kogda tebja nauchu ja - My s toboju potancuem! U menja sejchas odna problema: Dvigaj telom! Nebo sinee, glazki sinie Nozhki strojnye telo- kajf. JA baldeju ot devchonok Pesnja bystraja ""its my life"". I ty tancuesh', ty tancuesh' Vertish' i krutish' Ty tancuesh', ty tancuesh' Vertish' i krutish' A ja smotrju kak ty tancuesh' Glazkami risuesh' Gubkami risuesh' mne vozdushnyj poceluj Nozhkami ty krutish' , vodu balamutish' Oj, podruzhka popadesh'sja Popadesh'sja ne vernesh'sja! EHj ty, davaj, nu dvigaj svoim telom, EHj ty, davaj... Dvigaj-dvigaj svoim telom! EHj, poslushaj menja segodnja JA hochu, chtoby ehtoj noch'ju Govori, chto ustala ochen' Vse ravno tancevat' zahochesh'! Pochemu ty takaja ne smelaja Ne vladeesh' svoim ty telom Povernulas' ko mne spinoju EHj, poslushaj ne igraj so mnoju! EHj ty, davaj, nu dvigaj svoim telom, EHj ty, davaj... Dvigaj-dvigaj svoim telom!"
90,"Voz'mi telefon, i mne pozvoni togda, Kogda u tebja, obida projdet na menja, o-o-o, Ty snova molchish', i trudno tebe skazat', Ty tak daleko, ty hochesh' vernut' vsyo opjat'... Priznat'sja hochu, ja paren' sovsem prostoj, Pri vstreche molchu, i mne horosho lish' s toboj, o-o-o, Zanjat nomer tvoj, ja slyshu gudki v otvet, Razbej telefon, terpenija bol'she net."
91,"Zdravstvuj, Ty plachesh' snova, znachit dlja tebja, CHto-to znachu ja, no vernut' tebja nel'zja. Legkim vetrom snova Uneset s soboj nezhnyj zapah tvoj I vse tvoi slova. Kak zhit' bez tebja? Kak verit' v to, chto vremja sterlo vse mechty? I ehto vsyo ushlo, I sterlo vse sledy. Nu gde-zhe ty? Pozovi menja, ne goni menja, Gde by ne byl ja, Ty najdi, najdi menja, I Bog hranit odnu, Odnu tebja. Obnimi menja, Rasskazhi, kak ty zhila, CHto ty bol'she ne mogla, Bez menja, prozhit' ni dnja, ni dnja. Zdravstvuj, JA znaju bez tebja ne prozhit' i dnja, I toskuju ja, no vernut' tebja nel'zja. Skol'ko mozhno snova videt' svet v okne I mechtat' vo sne, dumat' tol'ko o tebe. Pozovi menja, ne goni menja, Gde by ne byl ja, Ty najdi, najdi menja, I Bog hranit odnu, Odnu tebja. Obnimi menja, Rasskazhi, kak ty zhila, CHto ty bol'she ne mogla, Bez menja, prozhit' ni dnja, ni dnja."
92,"My dvoe s toboj, my ne razlej voda, U nas dva raznyh puti i raznaja sud'ba. A ty prostoj student, a ja prostoj pacan, I vse zavidujut nam, takim prostym druz'jam. No kak-to vyshlo tak, chto stal ja zamechat', CHto k devushke moej ty nachal priezzhat', Ty zvonish' ej domoj, kogda menja rjadom net, Skazhi mne DA ili NET, i daj mne svoj otvet. Nu gde zhe ty student igrushku novuju nashyol? Ne dumal, ne gadal, a devochku moju uvyol. Nu chto zhe ty student menja nikak ty ne pojmyosh', Guljaj, student, guljaj, a devochku moju ne trozh'! I chto zhe delat' mne, ty hodish' po pjatam, I prodaesh' ljubov' uzhe moim druz'jam, I dumaesh', chto ja ne znaju nichego, Igrushkoj stala ty naveki dlja nego. Poslednij raz proshu, podumaj horosho, Tem luchshe dlja tebja i druga tvoego, Ved' on prostoj student, i hochet poguljat', I druga mne sovsem ne hochetsja terjat'. Nu gde zhe ty student igrushku novuju nashyol? Ne dumal, ne gadal, a devochku moju uvyol. Nu chto zhe ty student menja nikak ty ne pojmyosh', Guljaj, student, guljaj, a devochku moju ne trozh'! Nu gde zhe ty student igrushku novuju nashyol? Ne dumal, ne gadal, a devochku moju uvyol. Nu chto zhe ty student menja nikak ty ne pojmyosh', Guljaj, student, guljaj, a devochku moju ne trozh'! Nu chto zhe ja tebja, student, sovsem ne uznaju, Zachem ty prjachesh' ot menja devchonochku moju, I chto zhe ty, student, menja nikak ty ne pojmyosh', Guljaj, student, guljaj, no devochku moju ne trozh'!"
93,"Pesenka pro menja, da, A ja igraju, a ja tancuju i pesenki poju, Pesenka pro menja, JA horoshij mal'chik, JA ljublju slushat' muzyku, da. Pesenka pro menja, JA horoshij mal'chik. Pripev: Lja-lja-lja-lja-lja Lja-lja-lja-lja-lja Lja-lja-lja-lja-lja Lja-lja-lja-lja-lja Lja-lja-lja-lja-lja Lja-lja-lja-lja-lja U menja podruzhka Dasha, My s nej igraem, JA eyo ljublju, ja eyo ljublju, JA eszyo ljublju morozhenoe, JA ljublju slushat' muzyku, Slushajte ruki vverh! Slushajte ruki vverh! Davaj davaj. Pripev: Lja-lja-lja-lja-lja Lja-lja-lja-lja-lja Lja-lja-lja-lja-lja Lja-lja-lja-lja-lja Lja-lja-lja-lja-lja Horoshaja pesenka. Lja-lja-lja-lja-lja Lja-lja-lja-lja-lja Lja-lja-lja-lja-lja Lja-lja-lja-lja-lja Davajte tancevat', Davajte tancevat', Davaj davaj, Lja-lja-lja-lja-lja Lja-lja-lja-lja-lja Lja-lja-lja-lja-lja Ruki vverh, shtany na verh, Ruki vverh, davaj davaj. Kakaja horoshaja pesenka. Pripev: Lja-lja-lja-lja-lja Lja-lja-lja-lja-lja Lja-lja-lja-lja-lja JA horoshij mal'chik, Mne pora spat', Mne pora spat', Papa skazal idti spat', da. "
94,"Nachinaem zanjatie gimnastikoj s hod'by na meste, Prigotov'tes', vdohnite, shagom marsh, Raz, dva, tri, chetyre, raz, dva, tri, chetyre, Ruki vverh, raz, povorot! dva, Naklon, tri, vyprjamit'sja, chetyre. Eszyo poprobujte! raz, dva, tri, chetyre. Teper' pod muzyku. Vtoroe uprazhnenie: podtjagivanie. Sdelajte levoj nogoj shag vpered, I podnimite ruki v storonu vverh, Podtjanites', Raz, dva, tri, chetyre. Ruki vverh, povorot, naklon Vyprjamit'sja, raz, dva, tri, chetyre, Raz, dva, raz, dva, raz, dva, tri, chetyre, Raz, dva, tri, chetyre, esze poprobujte, Ruki vverh, ruki vverh, ruki vverh, Ruki vverh, ruki vverh, ruki vverh, Eszyo raz, eszyo raz, eszyo raz, Eszyo raz, eszyo raz, eszyo raz, Eszyo raz, eszyo raz, Esze poprobujte, begom marsh. Dyshite ravnomerno, Dyshite, dyshite, dyshite, Dyshite, dyshite, dyshite, Vydohnite. Eszyo raz podnjat' obe nogi, hlopok, Eszyo raz podnjat' obe nogi, hlopok, Eszyo raz, eszyo raz, eszyo raz, eszyo raz, Eszyo raz podnjat' obe nogi hlopok, Dyshite ravnomerno, dyshite ravnomerno, Ruki vverh, ruki vverh, ruki vverh, Teper' pod muzyku. Raz, dva, tri, nashi zanjatija okoncheny, Teper' prodelajte vodnye procedury, Optiranie, oblivanie, ili primite dush, A zatem ehnergichno razotrite telo suhim polotencem."
